trial,testing,parameters,initial_deadline,final_deadline,net_reward,actions,success
1,False,"{'a': 0.5, 'e': 0.99}",30,0,-154.63198276490823,"{0: 17, 1: 5, 2: 5, 3: 1, 4: 2}",0
2,False,"{'a': 0.5, 'e': 0.9801}",25,0,-83.40272351677099,"{0: 17, 1: 3, 2: 3, 3: 1, 4: 1}",0
3,False,"{'a': 0.5, 'e': 0.970299}",25,0,-224.97156012090238,"{0: 14, 1: 0, 2: 6, 3: 1, 4: 4}",0
4,False,"{'a': 0.5, 'e': 0.96059601}",20,0,-116.59861083299785,"{0: 11, 1: 1, 2: 5, 3: 2, 4: 1}",0
5,False,"{'a': 0.5, 'e': 0.9509900498999999}",25,0,-166.77371523240416,"{0: 12, 1: 3, 2: 6, 3: 3, 4: 1}",0
6,False,"{'a': 0.5, 'e': 0.941480149401}",35,0,-277.45366604841234,"{0: 22, 1: 3, 2: 4, 3: 0, 4: 6}",0
7,False,"{'a': 0.5, 'e': 0.9320653479069899}",20,0,-26.42293039799328,"{0: 15, 1: 1, 2: 4, 3: 0, 4: 0}",0
8,False,"{'a': 0.5, 'e': 0.9227446944279201}",20,0,-124.25348506374743,"{0: 14, 1: 0, 2: 2, 3: 2, 4: 2}",0
9,False,"{'a': 0.5, 'e': 0.9135172474836408}",20,0,-71.43962203886812,"{0: 14, 1: 1, 2: 2, 3: 3, 4: 0}",0
10,False,"{'a': 0.5, 'e': 0.9043820750088044}",20,0,-140.03433002368453,"{0: 11, 1: 1, 2: 5, 3: 1, 4: 2}",0
11,False,"{'a': 0.5, 'e': 0.8953382542587164}",20,0,-88.15080725748764,"{0: 12, 1: 4, 2: 2, 3: 1, 4: 1}",0
12,False,"{'a': 0.5, 'e': 0.8863848717161292}",20,0,-38.36238965465796,"{0: 15, 1: 0, 2: 4, 3: 1, 4: 0}",0
13,False,"{'a': 0.5, 'e': 0.8775210229989678}",25,15,-47.42817608569438,"{0: 8, 1: 0, 2: 0, 3: 1, 4: 1}",1
14,False,"{'a': 0.5, 'e': 0.8687458127689782}",25,1,-126.36179767030865,"{0: 18, 1: 1, 2: 2, 3: 0, 4: 3}",1
15,False,"{'a': 0.5, 'e': 0.8600583546412884}",25,0,-89.88079770266526,"{0: 16, 1: 4, 2: 3, 3: 1, 4: 1}",0
16,False,"{'a': 0.5, 'e': 0.8514577710948755}",30,0,-41.83377798620995,"{0: 24, 1: 2, 2: 3, 3: 1, 4: 0}",0
17,False,"{'a': 0.5, 'e': 0.8429431933839268}",25,0,-123.94079989655522,"{0: 14, 1: 2, 2: 7, 3: 1, 4: 1}",0
18,False,"{'a': 0.5, 'e': 0.8345137614500875}",20,0,-88.06039454143334,"{0: 12, 1: 1, 2: 6, 3: 0, 4: 1}",0
19,False,"{'a': 0.5, 'e': 0.8261686238355866}",30,0,-80.32173105912328,"{0: 22, 1: 3, 2: 3, 3: 1, 4: 1}",0
20,False,"{'a': 0.5, 'e': 0.8179069375972308}",20,0,-103.02769126073179,"{0: 14, 1: 0, 2: 4, 3: 0, 4: 2}",0
21,False,"{'a': 0.5, 'e': 0.8097278682212584}",20,8,-93.76761143172364,"{0: 6, 1: 3, 2: 1, 3: 0, 4: 2}",1
22,False,"{'a': 0.5, 'e': 0.8016305895390459}",35,15,-87.4528291232671,"{0: 14, 1: 0, 2: 3, 3: 2, 4: 1}",1
23,False,"{'a': 0.5, 'e': 0.7936142836436554}",25,0,-32.872044910246544,"{0: 18, 1: 4, 2: 3, 3: 0, 4: 0}",0
24,False,"{'a': 0.5, 'e': 0.7856781408072188}",20,0,-19.143711205438994,"{0: 17, 1: 0, 2: 2, 3: 1, 4: 0}",0
25,False,"{'a': 0.5, 'e': 0.7778213593991467}",20,0,-138.9549516244555,"{0: 13, 1: 2, 2: 2, 3: 0, 4: 3}",0
26,False,"{'a': 0.5, 'e': 0.7700431458051551}",25,0,-34.96496647419902,"{0: 18, 1: 2, 2: 5, 3: 0, 4: 0}",0
27,False,"{'a': 0.5, 'e': 0.7623427143471035}",30,13,-41.570810961548354,"{0: 11, 1: 0, 2: 6, 3: 0, 4: 0}",1
28,False,"{'a': 0.5, 'e': 0.7547192872036326}",25,15,-58.54806154139283,"{0: 7, 1: 0, 2: 1, 3: 1, 4: 1}",1
29,False,"{'a': 0.5, 'e': 0.7471720943315961}",25,6,4.747729225889735,"{0: 17, 1: 0, 2: 2, 3: 0, 4: 0}",1
30,False,"{'a': 0.5, 'e': 0.7397003733882802}",20,0,-84.75610633910314,"{0: 13, 1: 1, 2: 4, 3: 1, 4: 1}",0
31,False,"{'a': 0.5, 'e': 0.7323033696543975}",25,0,-148.97685021010793,"{0: 16, 1: 3, 2: 3, 3: 0, 4: 3}",0
32,False,"{'a': 0.5, 'e': 0.7249803359578534}",35,3,-73.0788742696083,"{0: 24, 1: 2, 2: 4, 3: 1, 4: 1}",1
33,False,"{'a': 0.5, 'e': 0.7177305325982749}",25,0,-92.58123949140406,"{0: 13, 1: 6, 2: 4, 3: 2, 4: 0}",0
34,False,"{'a': 0.5, 'e': 0.7105532272722921}",20,0,-98.27983454036719,"{0: 15, 1: 0, 2: 2, 3: 1, 4: 2}",0
35,False,"{'a': 0.5, 'e': 0.7034476949995692}",20,0,-43.10332667631594,"{0: 14, 1: 1, 2: 4, 3: 1, 4: 0}",0
36,False,"{'a': 0.5, 'e': 0.6964132180495735}",25,0,-51.06923594741323,"{0: 18, 1: 2, 2: 4, 3: 1, 4: 0}",0
37,False,"{'a': 0.5, 'e': 0.6894490858690777}",30,3,-130.1402355373769,"{0: 19, 1: 0, 2: 4, 3: 2, 4: 2}",1
38,False,"{'a': 0.5, 'e': 0.682554595010387}",25,0,-166.31827984480185,"{0: 14, 1: 2, 2: 5, 3: 2, 4: 2}",0
39,False,"{'a': 0.5, 'e': 0.6757290490602831}",20,2,-4.896464392557324,"{0: 15, 1: 1, 2: 2, 3: 0, 4: 0}",1
40,False,"{'a': 0.5, 'e': 0.6689717585696803}",20,0,4.154515656496437,"{0: 18, 1: 1, 2: 1, 3: 0, 4: 0}",0
41,False,"{'a': 0.5, 'e': 0.6622820409839835}",25,0,-118.50391687096061,"{0: 17, 1: 1, 2: 5, 3: 0, 4: 2}",0
42,False,"{'a': 0.5, 'e': 0.6556592205741436}",25,0,-39.45256972586112,"{0: 19, 1: 0, 2: 6, 3: 0, 4: 0}",0
43,False,"{'a': 0.5, 'e': 0.6491026283684022}",20,0,-16.35622895202715,"{0: 15, 1: 3, 2: 2, 3: 0, 4: 0}",0
44,False,"{'a': 0.5, 'e': 0.6426116020847181}",20,0,-74.52662614260888,"{0: 13, 1: 2, 2: 4, 3: 0, 4: 1}",0
45,False,"{'a': 0.5, 'e': 0.6361854860638709}",20,5,-50.39517674772791,"{0: 10, 1: 2, 2: 2, 3: 0, 4: 1}",1
46,False,"{'a': 0.5, 'e': 0.6298236312032323}",25,17,4.092014318911291,"{0: 7, 1: 1, 2: 0, 3: 0, 4: 0}",1
47,False,"{'a': 0.5, 'e': 0.6235253948912}",20,0,-36.28143074045286,"{0: 17, 1: 0, 2: 2, 3: 0, 4: 1}",0
48,False,"{'a': 0.5, 'e': 0.617290140942288}",25,19,7.425330558200702,"{0: 6, 1: 0, 2: 0, 3: 0, 4: 0}",1
49,False,"{'a': 0.5, 'e': 0.611117239532865}",30,6,-105.21095304884491,"{0: 17, 1: 2, 2: 2, 3: 1, 4: 2}",1
50,False,"{'a': 0.5, 'e': 0.6050060671375364}",30,21,-6.374045837090124,"{0: 7, 1: 0, 2: 2, 3: 0, 4: 0}",1
51,False,"{'a': 0.5, 'e': 0.598956006466161}",25,0,-54.109489031818676,"{0: 20, 1: 1, 2: 2, 3: 1, 4: 1}",1
52,False,"{'a': 0.5, 'e': 0.5929664464014994}",20,0,-15.683011485057738,"{0: 17, 1: 0, 2: 3, 3: 0, 4: 0}",0
53,False,"{'a': 0.5, 'e': 0.5870367819374844}",30,9,-62.310582158571144,"{0: 15, 1: 1, 2: 4, 3: 0, 4: 1}",1
54,False,"{'a': 0.5, 'e': 0.5811664141181095}",20,12,-71.32012869631392,"{0: 6, 1: 0, 2: 0, 3: 0, 4: 2}",1
55,False,"{'a': 0.5, 'e': 0.5753547499769285}",20,0,-44.695888738734304,"{0: 12, 1: 5, 2: 2, 3: 1, 4: 0}",0
56,False,"{'a': 0.5, 'e': 0.5696012024771592}",20,9,-49.37569215125018,"{0: 7, 1: 1, 2: 2, 3: 0, 4: 1}",1
57,False,"{'a': 0.5, 'e': 0.5639051904523875}",30,3,-43.86289295783135,"{0: 20, 1: 3, 2: 2, 3: 2, 4: 0}",1
58,False,"{'a': 0.5, 'e': 0.5582661385478637}",20,0,-49.582968711948475,"{0: 14, 1: 2, 2: 2, 3: 2, 4: 0}",0
59,False,"{'a': 0.5, 'e': 0.5526834771623851}",20,2,-39.62349768422431,"{0: 14, 1: 2, 2: 1, 3: 0, 4: 1}",1
60,False,"{'a': 0.5, 'e': 0.5471566423907612}",20,0,-104.92158343046859,"{0: 16, 1: 0, 2: 1, 3: 0, 4: 3}",0
61,False,"{'a': 0.5, 'e': 0.5416850759668536}",20,12,-4.9068373751699985,"{0: 6, 1: 1, 2: 1, 3: 0, 4: 0}",1
62,False,"{'a': 0.5, 'e': 0.536268225207185}",20,5,-5.818993153616686,"{0: 13, 1: 0, 2: 2, 3: 0, 4: 0}",1
63,False,"{'a': 0.5, 'e': 0.5309055429551132}",30,0,-40.90805930215007,"{0: 24, 1: 1, 2: 4, 3: 1, 4: 0}",0
64,False,"{'a': 0.5, 'e': 0.525596487525562}",25,7,-59.66836795770953,"{0: 13, 1: 1, 2: 3, 3: 0, 4: 1}",1
65,False,"{'a': 0.5, 'e': 0.5203405226503064}",25,18,-30.76068219722417,"{0: 6, 1: 0, 2: 0, 3: 0, 4: 1}",1
66,False,"{'a': 0.5, 'e': 0.5151371174238033}",20,0,-4.299594461723091,"{0: 18, 1: 0, 2: 1, 3: 1, 4: 0}",0
67,False,"{'a': 0.5, 'e': 0.5099857462495653}",25,14,5.527271830247252,"{0: 10, 1: 0, 2: 1, 3: 0, 4: 0}",1
68,False,"{'a': 0.5, 'e': 0.5048858887870696}",20,0,-25.28803099885856,"{0: 17, 1: 1, 2: 1, 3: 0, 4: 1}",0
69,False,"{'a': 0.5, 'e': 0.4998370298991989}",25,14,-40.30709948110803,"{0: 8, 1: 1, 2: 1, 3: 0, 4: 1}",1
70,False,"{'a': 0.5, 'e': 0.49483865960020695}",25,0,-113.41810350286728,"{0: 20, 1: 0, 2: 2, 3: 0, 4: 3}",0
71,False,"{'a': 0.5, 'e': 0.4898902730042049}",25,0,-2.3011527037854353,"{0: 22, 1: 1, 2: 1, 3: 1, 4: 0}",1
72,False,"{'a': 0.5, 'e': 0.48499137027416284}",30,0,-54.73111593732796,"{0: 24, 1: 1, 2: 4, 3: 0, 4: 1}",0
73,False,"{'a': 0.5, 'e': 0.4801414565714212}",30,12,22.090857595286266,"{0: 17, 1: 0, 2: 1, 3: 0, 4: 0}",1
74,False,"{'a': 0.5, 'e': 0.47534004200570695}",25,9,-6.430664124403792,"{0: 13, 1: 1, 2: 2, 3: 0, 4: 0}",1
75,False,"{'a': 0.5, 'e': 0.4705866415856499}",20,4,-5.955474845782928,"{0: 13, 1: 1, 2: 2, 3: 0, 4: 0}",1
76,False,"{'a': 0.5, 'e': 0.46588077516979337}",20,16,6.715862293448889,"{0: 4, 1: 0, 2: 0, 3: 0, 4: 0}",1
77,False,"{'a': 0.5, 'e': 0.46122196741809546}",25,0,-65.20215422543721,"{0: 22, 1: 0, 2: 1, 3: 0, 4: 2}",0
78,False,"{'a': 0.5, 'e': 0.4566097477439145}",30,23,3.3138657155520956,"{0: 6, 1: 0, 2: 1, 3: 0, 4: 0}",1
79,False,"{'a': 0.5, 'e': 0.45204365026647536}",30,16,10.294307934408716,"{0: 13, 1: 0, 2: 1, 3: 0, 4: 0}",1
80,False,"{'a': 0.5, 'e': 0.4475232137638106}",20,5,-19.60003170515537,"{0: 11, 1: 1, 2: 3, 3: 0, 4: 0}",1
81,False,"{'a': 0.5, 'e': 0.4430479816261725}",30,0,-148.99155904231375,"{0: 21, 1: 2, 2: 3, 3: 1, 4: 3}",0
82,False,"{'a': 0.5, 'e': 0.43861750180991077}",25,1,-130.62411731929026,"{0: 16, 1: 1, 2: 3, 3: 2, 4: 2}",1
83,False,"{'a': 0.5, 'e': 0.43423132679181164}",25,7,-3.3238323573055197,"{0: 15, 1: 1, 2: 2, 3: 0, 4: 0}",1
84,False,"{'a': 0.5, 'e': 0.4298890135238935}",20,16,9.542727420457044,"{0: 4, 1: 0, 2: 0, 3: 0, 4: 0}",1
85,False,"{'a': 0.5, 'e': 0.4255901233886546}",20,0,-5.822133723296905,"{0: 17, 1: 0, 2: 3, 3: 0, 4: 0}",0
86,False,"{'a': 0.5, 'e': 0.421334222154768}",20,0,-25.71782162139024,"{0: 18, 1: 0, 2: 1, 3: 0, 4: 1}",1
87,False,"{'a': 0.5, 'e': 0.41712087993322033}",25,17,-10.620278805426437,"{0: 6, 1: 0, 2: 2, 3: 0, 4: 0}",1
88,False,"{'a': 0.5, 'e': 0.41294967113388814}",25,7,5.212579804689925,"{0: 15, 1: 2, 2: 1, 3: 0, 4: 0}",1
89,False,"{'a': 0.5, 'e': 0.40882017442254925}",25,9,-13.927010322420344,"{0: 15, 1: 0, 2: 0, 3: 0, 4: 1}",1
90,False,"{'a': 0.5, 'e': 0.4047319726783238}",20,0,-32.271661142590006,"{0: 18, 1: 0, 2: 0, 3: 1, 4: 1}",0
91,False,"{'a': 0.5, 'e': 0.40068465295154054}",35,0,-38.48631238685715,"{0: 30, 1: 0, 2: 4, 3: 0, 4: 1}",1
92,False,"{'a': 0.5, 'e': 0.3966778064220251}",35,13,-45.30849510923805,"{0: 16, 1: 0, 2: 4, 3: 2, 4: 0}",1
93,False,"{'a': 0.5, 'e': 0.39271102835780486}",25,1,-79.9926755185551,"{0: 18, 1: 2, 2: 2, 3: 0, 4: 2}",1
94,False,"{'a': 0.5, 'e': 0.3887839180742268}",20,6,2.8871857103290908,"{0: 12, 1: 1, 2: 1, 3: 0, 4: 0}",1
95,False,"{'a': 0.5, 'e': 0.38489607889348454}",30,14,-29.267167273630808,"{0: 14, 1: 0, 2: 1, 3: 0, 4: 1}",1
96,False,"{'a': 0.5, 'e': 0.38104711810454966}",25,16,12.987064884337743,"{0: 8, 1: 1, 2: 0, 3: 0, 4: 0}",1
97,False,"{'a': 0.5, 'e': 0.37723664692350417}",20,0,0.02669500846278028,"{0: 17, 1: 1, 2: 2, 3: 0, 4: 0}",0
98,False,"{'a': 0.5, 'e': 0.37346428045426916}",20,0,-9.669959534823196,"{0: 16, 1: 3, 2: 0, 3: 1, 4: 0}",0
99,False,"{'a': 0.5, 'e': 0.36972963764972644}",30,15,-27.626089238884322,"{0: 13, 1: 0, 2: 1, 3: 0, 4: 1}",1
100,False,"{'a': 0.5, 'e': 0.3660323412732292}",20,4,13.818426498735267,"{0: 14, 1: 1, 2: 1, 3: 0, 4: 0}",1
101,False,"{'a': 0.5, 'e': 0.3623720178604969}",20,0,-2.516367143992217,"{0: 17, 1: 0, 2: 3, 3: 0, 4: 0}",0
102,False,"{'a': 0.5, 'e': 0.3587482976818919}",20,12,-20.92442288072114,"{0: 6, 1: 0, 2: 1, 3: 1, 4: 0}",1
103,False,"{'a': 0.5, 'e': 0.355160814705073}",30,20,19.37195305643307,"{0: 10, 1: 0, 2: 0, 3: 0, 4: 0}",1
104,False,"{'a': 0.5, 'e': 0.35160920655802225}",20,0,-31.3429970669601,"{0: 16, 1: 2, 2: 1, 3: 0, 4: 1}",0
105,False,"{'a': 0.5, 'e': 0.348093114492442}",25,0,10.249272990406563,"{0: 22, 1: 2, 2: 1, 3: 0, 4: 0}",0
106,False,"{'a': 0.5, 'e': 0.3446121833475176}",25,8,-17.426983497292497,"{0: 14, 1: 0, 2: 2, 3: 1, 4: 0}",1
107,False,"{'a': 0.5, 'e': 0.34116606151404244}",30,0,-28.649042538199264,"{0: 27, 1: 0, 2: 1, 3: 1, 4: 1}",0
108,False,"{'a': 0.5, 'e': 0.337754400898902}",30,13,19.714353624519195,"{0: 16, 1: 1, 2: 0, 3: 0, 4: 0}",1
109,False,"{'a': 0.5, 'e': 0.334376856889913}",20,7,17.87037211640544,"{0: 12, 1: 1, 2: 0, 3: 0, 4: 0}",1
110,False,"{'a': 0.5, 'e': 0.33103308832101386}",20,3,7.89237559461016,"{0: 16, 1: 0, 2: 0, 3: 1, 4: 0}",1
111,False,"{'a': 0.5, 'e': 0.3277227574378037}",20,15,8.973566449314232,"{0: 5, 1: 0, 2: 0, 3: 0, 4: 0}",1
112,False,"{'a': 0.5, 'e': 0.3244455298634257}",20,9,8.395658100667543,"{0: 10, 1: 0, 2: 1, 3: 0, 4: 0}",1
113,False,"{'a': 0.5, 'e': 0.3212010745647914}",35,0,-22.91428446643506,"{0: 31, 1: 0, 2: 3, 3: 0, 4: 1}",0
114,False,"{'a': 0.5, 'e': 0.3179890638191435}",35,18,-19.814916228029247,"{0: 15, 1: 1, 2: 0, 3: 0, 4: 1}",1
115,False,"{'a': 0.5, 'e': 0.31480917318095203}",25,15,6.561398406593881,"{0: 9, 1: 0, 2: 1, 3: 0, 4: 0}",1
116,False,"{'a': 0.5, 'e': 0.3116610814491425}",20,16,7.807326879686546,"{0: 4, 1: 0, 2: 0, 3: 0, 4: 0}",1
117,False,"{'a': 0.5, 'e': 0.30854447063465107}",20,0,17.866352813224143,"{0: 19, 1: 0, 2: 1, 3: 0, 4: 0}",0
118,False,"{'a': 0.5, 'e': 0.3054590259283046}",30,0,-62.68203767116669,"{0: 24, 1: 0, 2: 4, 3: 1, 4: 1}",0
119,False,"{'a': 0.5, 'e': 0.30240443566902153}",20,0,-13.044857689689975,"{0: 19, 1: 0, 2: 0, 3: 0, 4: 1}",0
120,False,"{'a': 0.5, 'e': 0.2993803913123313}",30,0,-37.1222134722363,"{0: 27, 1: 0, 2: 1, 3: 1, 4: 1}",0
121,False,"{'a': 0.5, 'e': 0.296386587399208}",35,24,23.56506696221861,"{0: 11, 1: 0, 2: 0, 3: 0, 4: 0}",1
122,False,"{'a': 0.5, 'e': 0.2934227215252159}",20,13,4.775444322842435,"{0: 6, 1: 1, 2: 0, 3: 0, 4: 0}",1
123,False,"{'a': 0.5, 'e': 0.29048849430996376}",20,10,14.141788445622415,"{0: 10, 1: 0, 2: 0, 3: 0, 4: 0}",1
124,False,"{'a': 0.5, 'e': 0.2875836093668641}",25,6,10.27371213634865,"{0: 17, 1: 1, 2: 1, 3: 0, 4: 0}",1
125,False,"{'a': 0.5, 'e': 0.28470777327319546}",20,0,-91.93691393995992,"{0: 15, 1: 0, 2: 3, 3: 0, 4: 2}",0
126,False,"{'a': 0.5, 'e': 0.2818606955404635}",30,10,32.556709220716535,"{0: 20, 1: 0, 2: 0, 3: 0, 4: 0}",1
127,False,"{'a': 0.5, 'e': 0.27904208858505886}",20,2,18.14237853758634,"{0: 17, 1: 0, 2: 1, 3: 0, 4: 0}",1
128,False,"{'a': 0.5, 'e': 0.2762516676992083}",30,19,-17.36878315812155,"{0: 10, 1: 0, 2: 0, 3: 0, 4: 1}",1
129,False,"{'a': 0.5, 'e': 0.2734891510222162}",30,23,6.215471533095987,"{0: 6, 1: 1, 2: 0, 3: 0, 4: 0}",1
130,False,"{'a': 0.5, 'e': 0.27075425951199406}",20,11,9.489283314269116,"{0: 8, 1: 1, 2: 0, 3: 0, 4: 0}",1
131,False,"{'a': 0.5, 'e': 0.2680467169168741}",20,0,-16.71155109164841,"{0: 18, 1: 1, 2: 0, 3: 0, 4: 1}",0
132,False,"{'a': 0.5, 'e': 0.26536624974770534}",20,6,-0.3662731543973883,"{0: 11, 1: 2, 2: 1, 3: 0, 4: 0}",1
133,False,"{'a': 0.5, 'e': 0.2627125872502283}",20,0,-21.83681375814191,"{0: 18, 1: 0, 2: 1, 3: 0, 4: 1}",0
134,False,"{'a': 0.5, 'e': 0.26008546137772603}",20,8,20.898943749048957,"{0: 12, 1: 0, 2: 0, 3: 0, 4: 0}",1
135,False,"{'a': 0.5, 'e': 0.25748460676394874}",20,13,2.28235009541876,"{0: 6, 1: 0, 2: 1, 3: 0, 4: 0}",1
136,False,"{'a': 0.5, 'e': 0.2549097606963093}",25,1,20.80924992016762,"{0: 21, 1: 3, 2: 0, 3: 0, 4: 0}",1
137,False,"{'a': 0.5, 'e': 0.2523606630893462}",20,2,-14.3792148254817,"{0: 16, 1: 1, 2: 0, 3: 0, 4: 1}",1
138,False,"{'a': 0.5, 'e': 0.2498370564584527}",30,13,-70.85090801781635,"{0: 12, 1: 0, 2: 3, 3: 1, 4: 1}",1
139,False,"{'a': 0.5, 'e': 0.24733868589386818}",20,8,9.012117354411119,"{0: 11, 1: 0, 2: 1, 3: 0, 4: 0}",1
140,False,"{'a': 0.5, 'e': 0.24486529903492948}",35,5,47.855855039360826,"{0: 30, 1: 0, 2: 0, 3: 0, 4: 0}",1
141,False,"{'a': 0.5, 'e': 0.2424166460445802}",25,0,-15.054450690462392,"{0: 23, 1: 0, 2: 1, 3: 0, 4: 1}",0
142,False,"{'a': 0.5, 'e': 0.2399924795841344}",30,12,5.7835507108828175,"{0: 16, 1: 0, 2: 2, 3: 0, 4: 0}",1
143,False,"{'a': 0.5, 'e': 0.23759255478829303}",25,10,6.7142481268052645,"{0: 13, 1: 1, 2: 1, 3: 0, 4: 0}",1
144,False,"{'a': 0.5, 'e': 0.23521662924041012}",30,13,23.109057510613543,"{0: 17, 1: 0, 2: 0, 3: 0, 4: 0}",1
145,False,"{'a': 0.5, 'e': 0.232864462948006}",20,6,12.777807196112184,"{0: 13, 1: 0, 2: 1, 3: 0, 4: 0}",1
146,False,"{'a': 0.5, 'e': 0.23053581831852593}",35,14,-47.23596620220309,"{0: 19, 1: 0, 2: 0, 3: 0, 4: 2}",1
147,False,"{'a': 0.5, 'e': 0.22823046013534068}",20,12,-28.227172021245636,"{0: 7, 1: 0, 2: 0, 3: 0, 4: 1}",1
148,False,"{'a': 0.5, 'e': 0.22594815553398728}",25,9,-58.30095333617741,"{0: 13, 1: 0, 2: 0, 3: 2, 4: 1}",1
149,False,"{'a': 0.5, 'e': 0.2236886739786474}",20,9,8.426524124294746,"{0: 10, 1: 0, 2: 1, 3: 0, 4: 0}",1
150,False,"{'a': 0.5, 'e': 0.22145178723886091}",20,8,20.35519006165518,"{0: 12, 1: 0, 2: 0, 3: 0, 4: 0}",1
151,False,"{'a': 0.5, 'e': 0.2192372693664723}",20,10,-32.48833912680864,"{0: 8, 1: 0, 2: 1, 3: 0, 4: 1}",1
152,False,"{'a': 0.5, 'e': 0.21704489667280757}",20,12,2.3268970962615727,"{0: 7, 1: 0, 2: 1, 3: 0, 4: 0}",1
153,False,"{'a': 0.5, 'e': 0.2148744477060795}",20,12,4.735409781851743,"{0: 7, 1: 0, 2: 1, 3: 0, 4: 0}",1
154,False,"{'a': 0.5, 'e': 0.2127257032290187}",20,8,9.651174011146654,"{0: 11, 1: 0, 2: 1, 3: 0, 4: 0}",1
155,False,"{'a': 0.5, 'e': 0.21059844619672852}",20,12,-26.438065714742944,"{0: 7, 1: 0, 2: 0, 3: 0, 4: 1}",1
156,False,"{'a': 0.5, 'e': 0.20849246173476124}",20,6,-11.400515452147713,"{0: 11, 1: 0, 2: 3, 3: 0, 4: 0}",1
157,False,"{'a': 0.5, 'e': 0.2064075371174136}",25,11,-34.905059799542784,"{0: 12, 1: 0, 2: 0, 3: 1, 4: 1}",1
158,False,"{'a': 0.5, 'e': 0.2043434617462395}",25,17,15.48243833590893,"{0: 8, 1: 0, 2: 0, 3: 0, 4: 0}",1
159,False,"{'a': 0.5, 'e': 0.2023000271287771}",20,10,18.56708026220377,"{0: 10, 1: 0, 2: 0, 3: 0, 4: 0}",1
160,False,"{'a': 0.5, 'e': 0.2002770268574893}",30,16,9.01207365508213,"{0: 12, 1: 1, 2: 1, 3: 0, 4: 0}",1
161,False,"{'a': 0.5, 'e': 0.19827425658891443}",20,13,11.117490402887817,"{0: 7, 1: 0, 2: 0, 3: 0, 4: 0}",1
162,False,"{'a': 0.5, 'e': 0.19629151402302528}",20,3,-13.944527922177203,"{0: 16, 1: 0, 2: 0, 3: 0, 4: 1}",1
163,False,"{'a': 0.5, 'e': 0.19432859888279502}",20,0,-24.342596445847107,"{0: 17, 1: 1, 2: 0, 3: 2, 4: 0}",0
164,False,"{'a': 0.5, 'e': 0.19238531289396707}",20,11,-7.14051924177216,"{0: 8, 1: 0, 2: 0, 3: 1, 4: 0}",1
165,False,"{'a': 0.5, 'e': 0.1904614597650274}",30,17,-19.914663754320223,"{0: 12, 1: 0, 2: 0, 3: 0, 4: 1}",1
166,False,"{'a': 0.5, 'e': 0.1885568451673771}",25,0,-25.864024478271038,"{0: 22, 1: 0, 2: 2, 3: 0, 4: 1}",0
167,False,"{'a': 0.5, 'e': 0.18667127671570335}",25,15,5.86080919477361,"{0: 9, 1: 0, 2: 1, 3: 0, 4: 0}",1
168,False,"{'a': 0.5, 'e': 0.1848045639485463}",30,15,27.668134760583566,"{0: 15, 1: 0, 2: 0, 3: 0, 4: 0}",1
169,False,"{'a': 0.5, 'e': 0.18295651830906084}",20,12,-10.188637682271239,"{0: 6, 1: 0, 2: 2, 3: 0, 4: 0}",1
170,False,"{'a': 0.5, 'e': 0.18112695312597024}",30,17,-34.763789315889795,"{0: 10, 1: 1, 2: 1, 3: 0, 4: 1}",1
171,False,"{'a': 0.5, 'e': 0.17931568359471053}",30,10,31.30510130985387,"{0: 19, 1: 0, 2: 1, 3: 0, 4: 0}",1
172,False,"{'a': 0.5, 'e': 0.17752252675876343}",20,9,25.18711465021275,"{0: 11, 1: 0, 2: 0, 3: 0, 4: 0}",1
173,False,"{'a': 0.5, 'e': 0.1757473014911758}",25,17,8.497928471658907,"{0: 7, 1: 1, 2: 0, 3: 0, 4: 0}",1
174,False,"{'a': 0.5, 'e': 0.173989828476264}",30,22,12.039813355155829,"{0: 8, 1: 0, 2: 0, 3: 0, 4: 0}",1
175,False,"{'a': 0.5, 'e': 0.1722499301915014}",20,12,-26.87651707286754,"{0: 7, 1: 0, 2: 0, 3: 0, 4: 1}",1
176,False,"{'a': 0.5, 'e': 0.17052743088958636}",20,13,11.535426740225207,"{0: 7, 1: 0, 2: 0, 3: 0, 4: 0}",1
177,False,"{'a': 0.5, 'e': 0.1688221565806905}",20,6,13.436238260936396,"{0: 13, 1: 0, 2: 1, 3: 0, 4: 0}",1
178,False,"{'a': 0.5, 'e': 0.1671339350148836}",25,12,0.8679784734701417,"{0: 12, 1: 0, 2: 0, 3: 1, 4: 0}",1
179,False,"{'a': 0.5, 'e': 0.16546259566473476}",20,4,18.233271410091376,"{0: 15, 1: 0, 2: 1, 3: 0, 4: 0}",1
180,False,"{'a': 0.5, 'e': 0.16380796970808742}",25,0,27.242741320320906,"{0: 24, 1: 0, 2: 1, 3: 0, 4: 0}",0
181,False,"{'a': 0.5, 'e': 0.16216989001100654}",30,0,-2.674138457548529,"{0: 28, 1: 0, 2: 1, 3: 0, 4: 1}",0
182,False,"{'a': 0.5, 'e': 0.16054819111089647}",20,3,9.665789688047358,"{0: 16, 1: 0, 2: 1, 3: 0, 4: 0}",1
183,False,"{'a': 0.5, 'e': 0.1589427091997875}",20,8,-22.55124962488536,"{0: 11, 1: 0, 2: 0, 3: 0, 4: 1}",1
184,False,"{'a': 0.5, 'e': 0.15735328210778962}",25,7,24.748039824544854,"{0: 17, 1: 1, 2: 0, 3: 0, 4: 0}",1
185,False,"{'a': 0.5, 'e': 0.15577974928671173}",25,2,-59.91687006106074,"{0: 20, 1: 0, 2: 1, 3: 0, 4: 2}",1
186,False,"{'a': 0.5, 'e': 0.1542219517938446}",30,18,9.415554212550662,"{0: 11, 1: 0, 2: 1, 3: 0, 4: 0}",1
187,False,"{'a': 0.5, 'e': 0.15267973227590617}",25,5,-42.49620765624554,"{0: 16, 1: 0, 2: 3, 3: 0, 4: 1}",1
188,False,"{'a': 0.5, 'e': 0.1511529349531471}",30,14,18.30884358829049,"{0: 15, 1: 0, 2: 1, 3: 0, 4: 0}",1
189,False,"{'a': 0.5, 'e': 0.14964140560361563}",30,8,-4.295738024655639,"{0: 21, 1: 0, 2: 0, 3: 0, 4: 1}",1
190,False,"{'a': 0.5, 'e': 0.14814499154757946}",25,7,-0.9394948761930229,"{0: 15, 1: 1, 2: 2, 3: 0, 4: 0}",1
191,False,"{'a': 0.5, 'e': 0.14666354163210368}",35,9,44.14422906917695,"{0: 26, 1: 0, 2: 0, 3: 0, 4: 0}",1
192,False,"{'a': 0.5, 'e': 0.14519690621578263}",25,0,-18.037912752322292,"{0: 23, 1: 0, 2: 1, 3: 0, 4: 1}",0
193,False,"{'a': 0.5, 'e': 0.1437449371536248}",25,7,-11.435521034265973,"{0: 17, 1: 0, 2: 0, 3: 0, 4: 1}",1
194,False,"{'a': 0.5, 'e': 0.14230748778208857}",30,16,4.829192394412091,"{0: 13, 1: 0, 2: 0, 3: 1, 4: 0}",1
195,False,"{'a': 0.5, 'e': 0.14088441290426768}",30,20,21.478761610091258,"{0: 10, 1: 0, 2: 0, 3: 0, 4: 0}",1
196,False,"{'a': 0.5, 'e': 0.139475568775225}",20,16,9.48013876109255,"{0: 4, 1: 0, 2: 0, 3: 0, 4: 0}",1
197,False,"{'a': 0.5, 'e': 0.13808081308747275}",25,16,15.328765936681389,"{0: 9, 1: 0, 2: 0, 3: 0, 4: 0}",1
198,False,"{'a': 0.5, 'e': 0.136700004956598}",20,12,17.242581274640354,"{0: 8, 1: 0, 2: 0, 3: 0, 4: 0}",1
199,False,"{'a': 0.5, 'e': 0.13533300490703204}",20,12,5.579137652896089,"{0: 7, 1: 0, 2: 1, 3: 0, 4: 0}",1
200,False,"{'a': 0.5, 'e': 0.13397967485796172}",30,16,-7.46749565212273,"{0: 13, 1: 0, 2: 0, 3: 0, 4: 1}",1
201,False,"{'a': 0.5, 'e': 0.1326398781093821}",30,18,20.29949961839341,"{0: 12, 1: 0, 2: 0, 3: 0, 4: 0}",1
202,False,"{'a': 0.5, 'e': 0.13131347932828827}",20,6,-13.845045485601737,"{0: 13, 1: 0, 2: 0, 3: 0, 4: 1}",1
203,False,"{'a': 0.5, 'e': 0.1300003445350054}",30,18,24.101787699307728,"{0: 12, 1: 0, 2: 0, 3: 0, 4: 0}",1
204,False,"{'a': 0.5, 'e': 0.12870034108965533}",20,13,1.206828960766115,"{0: 6, 1: 0, 2: 1, 3: 0, 4: 0}",1
205,False,"{'a': 0.5, 'e': 0.1274133376787588}",25,14,-21.053320579839205,"{0: 10, 1: 0, 2: 0, 3: 0, 4: 1}",1
206,False,"{'a': 0.5, 'e': 0.12613920430197118}",30,12,32.32304580486246,"{0: 18, 1: 0, 2: 0, 3: 0, 4: 0}",1
207,False,"{'a': 0.5, 'e': 0.12487781225895148}",30,16,11.676147604928444,"{0: 13, 1: 0, 2: 1, 3: 0, 4: 0}",1
208,False,"{'a': 0.5, 'e': 0.12362903413636196}",25,13,-20.872530748351053,"{0: 11, 1: 0, 2: 0, 3: 0, 4: 1}",1
209,False,"{'a': 0.5, 'e': 0.12239274379499834}",25,8,25.05758714864642,"{0: 17, 1: 0, 2: 0, 3: 0, 4: 0}",1
210,False,"{'a': 0.5, 'e': 0.12116881635704835}",25,20,8.83431493271005,"{0: 5, 1: 0, 2: 0, 3: 0, 4: 0}",1
211,False,"{'a': 0.5, 'e': 0.11995712819347787}",30,0,20.930195056187994,"{0: 28, 1: 0, 2: 2, 3: 0, 4: 0}",0
212,False,"{'a': 0.5, 'e': 0.11875755691154309}",20,2,13.802508263230958,"{0: 17, 1: 0, 2: 1, 3: 0, 4: 0}",1
213,False,"{'a': 0.5, 'e': 0.11756998134242766}",25,8,30.161780492200073,"{0: 17, 1: 0, 2: 0, 3: 0, 4: 0}",1
214,False,"{'a': 0.5, 'e': 0.11639428152900338}",20,6,23.69310605957951,"{0: 14, 1: 0, 2: 0, 3: 0, 4: 0}",1
215,False,"{'a': 0.5, 'e': 0.11523033871371334}",25,14,22.444036636028958,"{0: 11, 1: 0, 2: 0, 3: 0, 4: 0}",1
216,False,"{'a': 0.5, 'e': 0.1140780353265762}",30,15,26.249239285798794,"{0: 15, 1: 0, 2: 0, 3: 0, 4: 0}",1
217,False,"{'a': 0.5, 'e': 0.11293725497331045}",20,3,14.87395945461622,"{0: 16, 1: 0, 2: 1, 3: 0, 4: 0}",1
218,False,"{'a': 0.5, 'e': 0.11180788242357734}",20,13,13.515135502854907,"{0: 7, 1: 0, 2: 0, 3: 0, 4: 0}",1
219,False,"{'a': 0.5, 'e': 0.11068980359934157}",20,14,-13.27261344664656,"{0: 4, 1: 0, 2: 2, 3: 0, 4: 0}",1
220,False,"{'a': 0.5, 'e': 0.10958290556334815}",20,12,1.345421788729639,"{0: 7, 1: 0, 2: 1, 3: 0, 4: 0}",1
221,False,"{'a': 0.5, 'e': 0.10848707650771466}",30,12,34.460662049135664,"{0: 18, 1: 0, 2: 0, 3: 0, 4: 0}",1
222,False,"{'a': 0.5, 'e': 0.10740220574263752}",20,13,14.418585666667399,"{0: 7, 1: 0, 2: 0, 3: 0, 4: 0}",1
223,False,"{'a': 0.5, 'e': 0.10632818368521114}",20,9,16.546771434281197,"{0: 11, 1: 0, 2: 0, 3: 0, 4: 0}",1
224,False,"{'a': 0.5, 'e': 0.10526490184835903}",20,10,6.3539181209385855,"{0: 9, 1: 0, 2: 1, 3: 0, 4: 0}",1
225,False,"{'a': 0.5, 'e': 0.10421225282987544}",30,9,38.41594721287294,"{0: 21, 1: 0, 2: 0, 3: 0, 4: 0}",1
226,False,"{'a': 0.5, 'e': 0.10317013030157669}",30,22,15.321485194841602,"{0: 8, 1: 0, 2: 0, 3: 0, 4: 0}",1
227,False,"{'a': 0.5, 'e': 0.10213842899856092}",20,15,-0.8764172228344542,"{0: 4, 1: 1, 2: 0, 3: 0, 4: 0}",1
228,False,"{'a': 0.5, 'e': 0.10111704470857531}",20,16,5.491916542949325,"{0: 4, 1: 0, 2: 0, 3: 0, 4: 0}",1
229,False,"{'a': 0.5, 'e': 0.10010587426148955}",25,5,-15.09394391228535,"{0: 17, 1: 0, 2: 2, 3: 1, 4: 0}",1
230,False,"{'a': 0.5, 'e': 0.09910481551887466}",25,0,23.762316004468335,"{0: 24, 1: 1, 2: 0, 3: 0, 4: 0}",0
231,False,"{'a': 0.5, 'e': 0.0981137673636859}",20,0,25.831695941699753,"{0: 20, 1: 0, 2: 0, 3: 0, 4: 0}",0
232,False,"{'a': 0.5, 'e': 0.09713262969004904}",25,17,-27.83610259805834,"{0: 7, 1: 0, 2: 0, 3: 0, 4: 1}",1
233,False,"{'a': 0.5, 'e': 0.09616130339314856}",35,20,24.87031275496573,"{0: 15, 1: 0, 2: 0, 3: 0, 4: 0}",1
234,False,"{'a': 0.5, 'e': 0.09519969035921708}",20,2,17.04354564093947,"{0: 17, 1: 0, 2: 1, 3: 0, 4: 0}",1
235,False,"{'a': 0.5, 'e': 0.0942476934556249}",25,16,13.401275050732384,"{0: 9, 1: 0, 2: 0, 3: 0, 4: 0}",1
236,False,"{'a': 0.5, 'e': 0.09330521652106866}",30,4,41.52093132393567,"{0: 26, 1: 0, 2: 0, 3: 0, 4: 0}",1
237,False,"{'a': 0.5, 'e': 0.09237216435585796}",20,10,17.94441351787427,"{0: 10, 1: 0, 2: 0, 3: 0, 4: 0}",1
238,False,"{'a': 0.5, 'e': 0.09144844271229938}",30,13,22.4173670612072,"{0: 16, 1: 0, 2: 1, 3: 0, 4: 0}",1
239,False,"{'a': 0.5, 'e': 0.0905339582851764}",35,17,18.380496982511783,"{0: 17, 1: 0, 2: 1, 3: 0, 4: 0}",1
240,False,"{'a': 0.5, 'e': 0.08962861870232462}",30,12,31.98555406136744,"{0: 18, 1: 0, 2: 0, 3: 0, 4: 0}",1
241,False,"{'a': 0.5, 'e': 0.08873233251530138}",25,0,36.87538569414954,"{0: 25, 1: 0, 2: 0, 3: 0, 4: 0}",0
242,False,"{'a': 0.5, 'e': 0.08784500919014836}",30,16,-13.525828275419912,"{0: 13, 1: 0, 2: 0, 3: 0, 4: 1}",1
243,False,"{'a': 0.5, 'e': 0.08696655909824688}",20,3,29.773738928414772,"{0: 17, 1: 0, 2: 0, 3: 0, 4: 0}",1
244,False,"{'a': 0.5, 'e': 0.0860968935072644}",20,13,16.40436808584728,"{0: 7, 1: 0, 2: 0, 3: 0, 4: 0}",1
245,False,"{'a': 0.5, 'e': 0.08523592457219176}",25,14,7.819064650826581,"{0: 10, 1: 0, 2: 1, 3: 0, 4: 0}",1
246,False,"{'a': 0.5, 'e': 0.08438356532646984}",25,10,15.418387944308348,"{0: 14, 1: 0, 2: 1, 3: 0, 4: 0}",1
247,False,"{'a': 0.5, 'e': 0.08353972967320515}",20,14,14.254331933846025,"{0: 6, 1: 0, 2: 0, 3: 0, 4: 0}",1
248,False,"{'a': 0.5, 'e': 0.0827043323764731}",20,12,4.2916369212189895,"{0: 7, 1: 0, 2: 1, 3: 0, 4: 0}",1
249,False,"{'a': 0.5, 'e': 0.08187728905270836}",35,16,21.037773157181057,"{0: 18, 1: 0, 2: 1, 3: 0, 4: 0}",1
250,False,"{'a': 0.5, 'e': 0.08105851616218128}",30,18,19.927352757178927,"{0: 12, 1: 0, 2: 0, 3: 0, 4: 0}",1
251,False,"{'a': 0.5, 'e': 0.08024793100055946}",25,8,10.408541193950015,"{0: 16, 1: 0, 2: 1, 3: 0, 4: 0}",1
252,False,"{'a': 0.5, 'e': 0.07944545169055386}",30,14,28.309149227923363,"{0: 16, 1: 0, 2: 0, 3: 0, 4: 0}",1
253,False,"{'a': 0.5, 'e': 0.07865099717364833}",30,14,21.001587704538018,"{0: 15, 1: 0, 2: 1, 3: 0, 4: 0}",1
254,False,"{'a': 0.5, 'e': 0.07786448720191184}",25,14,9.621493911063741,"{0: 10, 1: 0, 2: 1, 3: 0, 4: 0}",1
255,False,"{'a': 0.5, 'e': 0.07708584232989273}",25,8,27.19148931194982,"{0: 17, 1: 0, 2: 0, 3: 0, 4: 0}",1
256,False,"{'a': 0.5, 'e': 0.0763149839065938}",25,18,-29.077650461814386,"{0: 6, 1: 0, 2: 0, 3: 0, 4: 1}",1
257,False,"{'a': 0.5, 'e': 0.07555183406752786}",25,17,16.48355249558635,"{0: 8, 1: 0, 2: 0, 3: 0, 4: 0}",1
258,False,"{'a': 0.5, 'e': 0.07479631572685258}",20,11,16.490471030538686,"{0: 9, 1: 0, 2: 0, 3: 0, 4: 0}",1
259,False,"{'a': 0.5, 'e': 0.07404835256958406}",25,16,16.317810745120674,"{0: 9, 1: 0, 2: 0, 3: 0, 4: 0}",1
260,False,"{'a': 0.5, 'e': 0.07330786904388821}",20,8,-22.041741238076213,"{0: 11, 1: 0, 2: 0, 3: 0, 4: 1}",1
261,False,"{'a': 0.5, 'e': 0.07257479035344933}",20,5,9.606220095772889,"{0: 14, 1: 0, 2: 1, 3: 0, 4: 0}",1
262,False,"{'a': 0.5, 'e': 0.07184904244991483}",30,18,24.0782330732931,"{0: 12, 1: 0, 2: 0, 3: 0, 4: 0}",1
263,False,"{'a': 0.5, 'e': 0.07113055202541568}",20,12,14.1666300573692,"{0: 8, 1: 0, 2: 0, 3: 0, 4: 0}",1
264,False,"{'a': 0.5, 'e': 0.07041924650516153}",25,4,13.181509949006669,"{0: 20, 1: 0, 2: 0, 3: 1, 4: 0}",1
265,False,"{'a': 0.5, 'e': 0.06971505404010991}",20,11,15.468191794434828,"{0: 9, 1: 0, 2: 0, 3: 0, 4: 0}",1
266,False,"{'a': 0.5, 'e': 0.06901790349970881}",20,13,4.282379379770801,"{0: 6, 1: 1, 2: 0, 3: 0, 4: 0}",1
267,False,"{'a': 0.5, 'e': 0.06832772446471172}",30,16,23.263764202394295,"{0: 14, 1: 0, 2: 0, 3: 0, 4: 0}",1
268,False,"{'a': 0.5, 'e': 0.0676444472200646}",20,8,22.340494450779087,"{0: 12, 1: 0, 2: 0, 3: 0, 4: 0}",1
269,False,"{'a': 0.5, 'e': 0.06696800274786396}",30,13,33.360588908043304,"{0: 17, 1: 0, 2: 0, 3: 0, 4: 0}",1
270,False,"{'a': 0.5, 'e': 0.06629832272038531}",30,22,11.595057261302808,"{0: 8, 1: 0, 2: 0, 3: 0, 4: 0}",1
271,False,"{'a': 0.5, 'e': 0.06563533949318147}",20,9,11.114034152238945,"{0: 10, 1: 1, 2: 0, 3: 0, 4: 0}",1
272,False,"{'a': 0.5, 'e': 0.06497898609824965}",30,12,30.242673904264525,"{0: 18, 1: 0, 2: 0, 3: 0, 4: 0}",1
273,False,"{'a': 0.5, 'e': 0.06432919623726716}",25,8,-21.94871438986064,"{0: 15, 1: 0, 2: 1, 3: 0, 4: 1}",1
274,False,"{'a': 0.5, 'e': 0.06368590427489448}",30,17,21.51786295094177,"{0: 13, 1: 0, 2: 0, 3: 0, 4: 0}",1
275,False,"{'a': 0.5, 'e': 0.06304904523214554}",25,18,14.479301417934565,"{0: 7, 1: 0, 2: 0, 3: 0, 4: 0}",1
276,False,"{'a': 0.5, 'e': 0.06241855477982408}",35,21,25.924782333090985,"{0: 14, 1: 0, 2: 0, 3: 0, 4: 0}",1
277,False,"{'a': 0.5, 'e': 0.06179436923202584}",30,0,43.75790315088532,"{0: 29, 1: 1, 2: 0, 3: 0, 4: 0}",0
278,False,"{'a': 0.5, 'e': 0.06117642553970558}",35,15,34.12972225170122,"{0: 20, 1: 0, 2: 0, 3: 0, 4: 0}",1
279,False,"{'a': 0.5, 'e': 0.06056466128430853}",25,8,36.1645436992142,"{0: 17, 1: 0, 2: 0, 3: 0, 4: 0}",1
280,False,"{'a': 0.5, 'e': 0.05995901467146544}",25,11,25.387462948209222,"{0: 14, 1: 0, 2: 0, 3: 0, 4: 0}",1
281,False,"{'a': 0.5, 'e': 0.059359424524750785}",20,11,5.3158868404892194,"{0: 8, 1: 0, 2: 1, 3: 0, 4: 0}",1
282,False,"{'a': 0.5, 'e': 0.05876583027950327}",20,3,28.032338736124743,"{0: 17, 1: 0, 2: 0, 3: 0, 4: 0}",1
283,False,"{'a': 0.5, 'e': 0.05817817197670824}",20,0,33.67869767842929,"{0: 20, 1: 0, 2: 0, 3: 0, 4: 0}",0
284,False,"{'a': 0.5, 'e': 0.05759639025694116}",30,14,-4.129199270359731,"{0: 13, 1: 1, 2: 2, 3: 0, 4: 0}",1
285,False,"{'a': 0.5, 'e': 0.057020426354371746}",20,8,5.543266717489692,"{0: 10, 1: 1, 2: 1, 3: 0, 4: 0}",1
286,False,"{'a': 0.5, 'e': 0.05645022209082803}",20,0,26.936628116437692,"{0: 20, 1: 0, 2: 0, 3: 0, 4: 0}",0
287,False,"{'a': 0.5, 'e': 0.05588571986991975}",25,15,12.649329404928766,"{0: 9, 1: 1, 2: 0, 3: 0, 4: 0}",1
288,False,"{'a': 0.5, 'e': 0.05532686267122055}",25,20,11.158595960943577,"{0: 5, 1: 0, 2: 0, 3: 0, 4: 0}",1
289,False,"{'a': 0.5, 'e': 0.05477359404450834}",25,16,16.625344483603953,"{0: 9, 1: 0, 2: 0, 3: 0, 4: 0}",1
290,False,"{'a': 0.5, 'e': 0.05422585810406326}",30,10,35.4643735976356,"{0: 20, 1: 0, 2: 0, 3: 0, 4: 0}",1
291,False,"{'a': 0.5, 'e': 0.05368359952302263}",30,16,26.81827338931138,"{0: 14, 1: 0, 2: 0, 3: 0, 4: 0}",1
292,False,"{'a': 0.5, 'e': 0.0531467635277924}",20,13,1.5887263397771645,"{0: 6, 1: 0, 2: 1, 3: 0, 4: 0}",1
293,False,"{'a': 0.5, 'e': 0.05261529589251448}",20,7,19.702463088599554,"{0: 13, 1: 0, 2: 0, 3: 0, 4: 0}",1
294,False,"{'a': 0.5, 'e': 0.05208914293358933}",25,14,18.458572490455666,"{0: 11, 1: 0, 2: 0, 3: 0, 4: 0}",1
295,False,"{'a': 0.5, 'e': 0.05156825150425344}",20,8,22.312468621369113,"{0: 12, 1: 0, 2: 0, 3: 0, 4: 0}",1
296,False,"{'a': 0.5, 'e': 0.0510525689892109}",20,10,20.868722284620446,"{0: 10, 1: 0, 2: 0, 3: 0, 4: 0}",1
297,False,"{'a': 0.5, 'e': 0.050542043299318794}",30,16,30.587095867895346,"{0: 14, 1: 0, 2: 0, 3: 0, 4: 0}",1
298,False,"{'a': 0.5, 'e': 0.050036622866325604}",30,17,12.931345148013268,"{0: 12, 1: 0, 2: 1, 3: 0, 4: 0}",1
299,False,"{'a': 0.5, 'e': 0.04953625663766235}",20,13,11.106802157288172,"{0: 7, 1: 0, 2: 0, 3: 0, 4: 0}",1
300,False,"{'a': 0.5, 'e': 0.04904089407128572}",25,14,-6.791526084080909,"{0: 9, 1: 0, 2: 2, 3: 0, 4: 0}",1
301,False,"{'a': 0.5, 'e': 0.04855048513057287}",35,17,32.133348276113274,"{0: 18, 1: 0, 2: 0, 3: 0, 4: 0}",1
302,False,"{'a': 0.5, 'e': 0.04806498027926714}",20,16,8.988049627667474,"{0: 4, 1: 0, 2: 0, 3: 0, 4: 0}",1
303,False,"{'a': 0.5, 'e': 0.047584330476474465}",25,14,21.208393288729646,"{0: 11, 1: 0, 2: 0, 3: 0, 4: 0}",1
304,False,"{'a': 0.5, 'e': 0.04710848717170972}",20,4,23.453024415024583,"{0: 16, 1: 0, 2: 0, 3: 0, 4: 0}",1
305,False,"{'a': 0.5, 'e': 0.04663740229999262}",20,0,29.118687182648145,"{0: 20, 1: 0, 2: 0, 3: 0, 4: 0}",0
306,False,"{'a': 0.5, 'e': 0.046171028276992696}",30,18,22.475662384267707,"{0: 12, 1: 0, 2: 0, 3: 0, 4: 0}",1
307,False,"{'a': 0.5, 'e': 0.045709317994222766}",20,7,15.104156086792194,"{0: 12, 1: 0, 2: 1, 3: 0, 4: 0}",1
308,False,"{'a': 0.5, 'e': 0.04525222481428054}",20,5,24.2892322415654,"{0: 15, 1: 0, 2: 0, 3: 0, 4: 0}",1
309,False,"{'a': 0.5, 'e': 0.04479970256613774}",30,15,28.096256791604368,"{0: 15, 1: 0, 2: 0, 3: 0, 4: 0}",1
310,False,"{'a': 0.5, 'e': 0.044351705540476356}",25,19,12.207065604675886,"{0: 6, 1: 0, 2: 0, 3: 0, 4: 0}",1
311,False,"{'a': 0.5, 'e': 0.043908188485071595}",20,14,12.117256483611396,"{0: 6, 1: 0, 2: 0, 3: 0, 4: 0}",1
312,False,"{'a': 0.5, 'e': 0.04346910660022087}",30,22,16.67141165842846,"{0: 8, 1: 0, 2: 0, 3: 0, 4: 0}",1
313,False,"{'a': 0.5, 'e': 0.04303441553421867}",25,13,20.260875037143492,"{0: 12, 1: 0, 2: 0, 3: 0, 4: 0}",1
314,False,"{'a': 0.5, 'e': 0.04260407137887648}",20,9,20.204145760661937,"{0: 11, 1: 0, 2: 0, 3: 0, 4: 0}",1
315,False,"{'a': 0.5, 'e': 0.04217803066508771}",20,12,14.063775553045886,"{0: 8, 1: 0, 2: 0, 3: 0, 4: 0}",1
316,False,"{'a': 0.5, 'e': 0.04175625035843684}",20,10,19.685904882375947,"{0: 10, 1: 0, 2: 0, 3: 0, 4: 0}",1
317,False,"{'a': 0.5, 'e': 0.041338687854852466}",20,5,-15.020311959209918,"{0: 14, 1: 0, 2: 0, 3: 0, 4: 1}",1
318,False,"{'a': 0.5, 'e': 0.040925300976303945}",25,0,29.977444452012083,"{0: 25, 1: 0, 2: 0, 3: 0, 4: 0}",0
319,False,"{'a': 0.5, 'e': 0.0405160479665409}",25,11,24.73531906640417,"{0: 14, 1: 0, 2: 0, 3: 0, 4: 0}",1
320,False,"{'a': 0.5, 'e': 0.040110887486875496}",25,0,37.640601933185856,"{0: 25, 1: 0, 2: 0, 3: 0, 4: 0}",0
321,False,"{'a': 0.5, 'e': 0.03970977861200674}",25,16,15.755093253016945,"{0: 9, 1: 0, 2: 0, 3: 0, 4: 0}",1
322,False,"{'a': 0.5, 'e': 0.039312680825886674}",25,9,23.297040006109626,"{0: 16, 1: 0, 2: 0, 3: 0, 4: 0}",1
323,False,"{'a': 0.5, 'e': 0.038919554017627804}",20,10,17.25465926434653,"{0: 10, 1: 0, 2: 0, 3: 0, 4: 0}",1
324,False,"{'a': 0.5, 'e': 0.03853035847745152}",30,20,12.455303050128276,"{0: 10, 1: 0, 2: 0, 3: 0, 4: 0}",1
325,False,"{'a': 0.5, 'e': 0.03814505489267701}",20,11,14.319262259341631,"{0: 9, 1: 0, 2: 0, 3: 0, 4: 0}",1
326,False,"{'a': 0.5, 'e': 0.03776360434375024}",20,16,7.2402083257780285,"{0: 4, 1: 0, 2: 0, 3: 0, 4: 0}",1
327,False,"{'a': 0.5, 'e': 0.03738596830031274}",20,7,24.793913234422543,"{0: 13, 1: 0, 2: 0, 3: 0, 4: 0}",1
328,False,"{'a': 0.5, 'e': 0.03701210861730961}",30,15,25.54063050986066,"{0: 15, 1: 0, 2: 0, 3: 0, 4: 0}",1
329,False,"{'a': 0.5, 'e': 0.03664198753113651}",20,6,27.118943454840274,"{0: 14, 1: 0, 2: 0, 3: 0, 4: 0}",1
330,False,"{'a': 0.5, 'e': 0.036275567655825146}",20,0,22.89369352580237,"{0: 19, 1: 0, 2: 1, 3: 0, 4: 0}",0
331,False,"{'a': 0.5, 'e': 0.03591281197926689}",20,11,19.224989330312344,"{0: 9, 1: 0, 2: 0, 3: 0, 4: 0}",1
332,False,"{'a': 0.5, 'e': 0.035553683859474224}",20,12,14.224118451471098,"{0: 8, 1: 0, 2: 0, 3: 0, 4: 0}",1
333,False,"{'a': 0.5, 'e': 0.035198147020879485}",20,8,10.553558002741308,"{0: 11, 1: 0, 2: 1, 3: 0, 4: 0}",1
334,False,"{'a': 0.5, 'e': 0.03484616555067069}",25,15,16.98901429568046,"{0: 10, 1: 0, 2: 0, 3: 0, 4: 0}",1
335,False,"{'a': 0.5, 'e': 0.03449770389516398}",30,13,32.459805533086865,"{0: 17, 1: 0, 2: 0, 3: 0, 4: 0}",1
336,False,"{'a': 0.5, 'e': 0.03415272685621234}",20,15,8.609052975456013,"{0: 5, 1: 0, 2: 0, 3: 0, 4: 0}",1
337,False,"{'a': 0.5, 'e': 0.03381119958765022}",20,13,13.568094275643313,"{0: 7, 1: 0, 2: 0, 3: 0, 4: 0}",1
338,False,"{'a': 0.5, 'e': 0.03347308759177372}",20,0,-5.155789431811754,"{0: 19, 1: 0, 2: 0, 3: 0, 4: 1}",0
339,False,"{'a': 0.5, 'e': 0.03313835671585598}",20,14,9.534999873748667,"{0: 6, 1: 0, 2: 0, 3: 0, 4: 0}",1
340,False,"{'a': 0.5, 'e': 0.03280697314869742}",25,13,23.72289519986422,"{0: 12, 1: 0, 2: 0, 3: 0, 4: 0}",1
341,False,"{'a': 0.5, 'e': 0.03247890341721044}",25,19,10.518759946874153,"{0: 6, 1: 0, 2: 0, 3: 0, 4: 0}",1
342,False,"{'a': 0.5, 'e': 0.03215411438303834}",20,14,11.63154215068781,"{0: 6, 1: 0, 2: 0, 3: 0, 4: 0}",1
343,False,"{'a': 0.5, 'e': 0.031832573239207955}",35,25,20.33981235219977,"{0: 10, 1: 0, 2: 0, 3: 0, 4: 0}",1
344,False,"{'a': 0.5, 'e': 0.031514247506815876}",25,17,12.398901406456204,"{0: 8, 1: 0, 2: 0, 3: 0, 4: 0}",1
345,False,"{'a': 0.5, 'e': 0.031199105031747717}",20,12,13.210431877105796,"{0: 8, 1: 0, 2: 0, 3: 0, 4: 0}",1
346,False,"{'a': 0.5, 'e': 0.03088711398143024}",25,15,18.208255780643423,"{0: 10, 1: 0, 2: 0, 3: 0, 4: 0}",1
347,False,"{'a': 0.5, 'e': 0.030578242841615935}",20,7,24.927539564123354,"{0: 13, 1: 0, 2: 0, 3: 0, 4: 0}",1
348,False,"{'a': 0.5, 'e': 0.030272460413199778}",30,3,46.30657988869037,"{0: 27, 1: 0, 2: 0, 3: 0, 4: 0}",1
349,False,"{'a': 0.5, 'e': 0.02996973580906778}",20,12,15.190205836511534,"{0: 8, 1: 0, 2: 0, 3: 0, 4: 0}",1
350,False,"{'a': 0.5, 'e': 0.029670038450977102}",35,15,35.93132546417267,"{0: 20, 1: 0, 2: 0, 3: 0, 4: 0}",1
351,False,"{'a': 0.5, 'e': 0.02937333806646733}",20,8,18.214348410445993,"{0: 12, 1: 0, 2: 0, 3: 0, 4: 0}",1
352,False,"{'a': 0.5, 'e': 0.029079604685802656}",20,14,10.39612980545695,"{0: 6, 1: 0, 2: 0, 3: 0, 4: 0}",1
353,False,"{'a': 0.5, 'e': 0.02878880863894463}",25,16,7.177029970015968,"{0: 8, 1: 0, 2: 1, 3: 0, 4: 0}",1
354,False,"{'a': 0.5, 'e': 0.02850092055255518}",20,0,31.880507353799423,"{0: 20, 1: 0, 2: 0, 3: 0, 4: 0}",1
355,False,"{'a': 0.5, 'e': 0.02821591134702963}",20,12,14.808449802821226,"{0: 8, 1: 0, 2: 0, 3: 0, 4: 0}",1
356,False,"{'a': 0.5, 'e': 0.027933752233559334}",25,16,15.112255737368615,"{0: 9, 1: 0, 2: 0, 3: 0, 4: 0}",1
357,False,"{'a': 0.5, 'e': 0.027654414711223742}",25,8,23.748437722942647,"{0: 16, 1: 0, 2: 1, 3: 0, 4: 0}",1
358,False,"{'a': 0.5, 'e': 0.027377870564111503}",20,8,22.813814538743898,"{0: 12, 1: 0, 2: 0, 3: 0, 4: 0}",1
359,False,"{'a': 0.5, 'e': 0.02710409185847039}",25,14,18.88778214271678,"{0: 11, 1: 0, 2: 0, 3: 0, 4: 0}",1
360,False,"{'a': 0.5, 'e': 0.026833050939885684}",20,11,16.01162236255533,"{0: 9, 1: 0, 2: 0, 3: 0, 4: 0}",1
361,False,"{'a': 0.5, 'e': 0.026564720430486827}",20,12,13.082093867009748,"{0: 8, 1: 0, 2: 0, 3: 0, 4: 0}",1
362,False,"{'a': 0.5, 'e': 0.026299073226181958}",30,10,38.87548677571127,"{0: 20, 1: 0, 2: 0, 3: 0, 4: 0}",1
363,False,"{'a': 0.5, 'e': 0.026036082493920136}",20,12,14.540535275689031,"{0: 8, 1: 0, 2: 0, 3: 0, 4: 0}",1
364,False,"{'a': 0.5, 'e': 0.025775721668980935}",25,17,15.024579051026588,"{0: 8, 1: 0, 2: 0, 3: 0, 4: 0}",1
365,False,"{'a': 0.5, 'e': 0.025517964452291125}",20,6,25.2255494036011,"{0: 14, 1: 0, 2: 0, 3: 0, 4: 0}",1
366,False,"{'a': 0.5, 'e': 0.025262784807768213}",35,16,24.43208410266371,"{0: 18, 1: 0, 2: 1, 3: 0, 4: 0}",1
367,False,"{'a': 0.5, 'e': 0.025010156959690534}",25,16,19.61661227627933,"{0: 9, 1: 0, 2: 0, 3: 0, 4: 0}",1
368,False,"{'a': 0.5, 'e': 0.024760055390093627}",25,9,30.777740121634935,"{0: 16, 1: 0, 2: 0, 3: 0, 4: 0}",1
369,False,"{'a': 0.5, 'e': 0.02451245483619269}",20,8,22.692064166644183,"{0: 12, 1: 0, 2: 0, 3: 0, 4: 0}",1
370,False,"{'a': 0.5, 'e': 0.024267330287830763}",30,12,-12.782714462447817,"{0: 17, 1: 0, 2: 0, 3: 0, 4: 1}",1
371,False,"{'a': 0.5, 'e': 0.024024656984952455}",20,14,10.674443619153774,"{0: 6, 1: 0, 2: 0, 3: 0, 4: 0}",1
372,False,"{'a': 0.5, 'e': 0.02378441041510293}",20,6,9.815348861677672,"{0: 13, 1: 0, 2: 1, 3: 0, 4: 0}",1
373,False,"{'a': 0.5, 'e': 0.0235465663109519}",30,18,25.951203485881983,"{0: 12, 1: 0, 2: 0, 3: 0, 4: 0}",1
374,False,"{'a': 0.5, 'e': 0.02331110064784238}",35,21,23.381487334374196,"{0: 14, 1: 0, 2: 0, 3: 0, 4: 0}",1
375,False,"{'a': 0.5, 'e': 0.02307798964136396}",20,13,10.335949492601564,"{0: 7, 1: 0, 2: 0, 3: 0, 4: 0}",1
376,False,"{'a': 0.5, 'e': 0.022847209744950317}",20,8,26.72727129803258,"{0: 12, 1: 0, 2: 0, 3: 0, 4: 0}",1
377,False,"{'a': 0.5, 'e': 0.022618737647500813}",25,14,24.124665937732694,"{0: 11, 1: 0, 2: 0, 3: 0, 4: 0}",1
378,False,"{'a': 0.5, 'e': 0.022392550271025807}",20,11,15.970357911340432,"{0: 9, 1: 0, 2: 0, 3: 0, 4: 0}",1
379,False,"{'a': 0.5, 'e': 0.022168624768315548}",20,8,19.483751560066974,"{0: 12, 1: 0, 2: 0, 3: 0, 4: 0}",1
380,False,"{'a': 0.5, 'e': 0.021946938520632394}",20,7,21.420432114516903,"{0: 13, 1: 0, 2: 0, 3: 0, 4: 0}",1
381,False,"{'a': 0.5, 'e': 0.02172746913542607}",30,15,27.92256970983104,"{0: 15, 1: 0, 2: 0, 3: 0, 4: 0}",1
382,False,"{'a': 0.5, 'e': 0.021510194444071807}",30,13,24.227643063015975,"{0: 17, 1: 0, 2: 0, 3: 0, 4: 0}",1
383,False,"{'a': 0.5, 'e': 0.021295092499631088}",20,15,11.020565123231508,"{0: 5, 1: 0, 2: 0, 3: 0, 4: 0}",1
384,False,"{'a': 0.5, 'e': 0.02108214157463478}",25,5,21.493899423577698,"{0: 19, 1: 0, 2: 1, 3: 0, 4: 0}",1
385,False,"{'a': 0.5, 'e': 0.02087132015888843}",20,12,15.203685811451525,"{0: 8, 1: 0, 2: 0, 3: 0, 4: 0}",1
386,False,"{'a': 0.5, 'e': 0.020662606957299545}",20,8,24.118118705828508,"{0: 12, 1: 0, 2: 0, 3: 0, 4: 0}",1
387,False,"{'a': 0.5, 'e': 0.02045598088772655}",25,11,28.148493046132934,"{0: 14, 1: 0, 2: 0, 3: 0, 4: 0}",1
388,False,"{'a': 0.5, 'e': 0.020251421078849283}",30,22,16.46763432075701,"{0: 8, 1: 0, 2: 0, 3: 0, 4: 0}",1
389,False,"{'a': 0.5, 'e': 0.02004890686806079}",25,15,18.09054060893937,"{0: 10, 1: 0, 2: 0, 3: 0, 4: 0}",1
390,False,"{'a': 0.5, 'e': 0.019848417799380184}",20,16,6.939028974873398,"{0: 4, 1: 0, 2: 0, 3: 0, 4: 0}",1
391,False,"{'a': 0.5, 'e': 0.01964993362138638}",25,7,31.165352920683027,"{0: 18, 1: 0, 2: 0, 3: 0, 4: 0}",1
392,False,"{'a': 0.5, 'e': 0.019453434285172516}",20,9,20.497965161420126,"{0: 11, 1: 0, 2: 0, 3: 0, 4: 0}",1
393,False,"{'a': 0.5, 'e': 0.01925889994232079}",25,20,8.54048749493786,"{0: 5, 1: 0, 2: 0, 3: 0, 4: 0}",1
394,False,"{'a': 0.5, 'e': 0.019066310942897582}",30,13,33.33243962371998,"{0: 17, 1: 0, 2: 0, 3: 0, 4: 0}",1
395,False,"{'a': 0.5, 'e': 0.01887564783346861}",25,8,31.270117717080296,"{0: 17, 1: 0, 2: 0, 3: 0, 4: 0}",1
396,False,"{'a': 0.5, 'e': 0.018686891355133923}",20,8,23.98428905311002,"{0: 12, 1: 0, 2: 0, 3: 0, 4: 0}",1
397,False,"{'a': 0.5, 'e': 0.01850002244158258}",20,0,6.266546972897236,"{0: 18, 1: 0, 2: 2, 3: 0, 4: 0}",1
398,False,"{'a': 0.5, 'e': 0.018315022217166757}",20,3,30.419402450041275,"{0: 17, 1: 0, 2: 0, 3: 0, 4: 0}",1
399,False,"{'a': 0.5, 'e': 0.018131871994995087}",25,1,37.856619655417866,"{0: 24, 1: 0, 2: 0, 3: 0, 4: 0}",1
400,False,"{'a': 0.5, 'e': 0.017950553275045137}",25,11,23.17966688628403,"{0: 14, 1: 0, 2: 0, 3: 0, 4: 0}",1
401,False,"{'a': 0.5, 'e': 0.017771047742294686}",30,3,43.245974914400826,"{0: 27, 1: 0, 2: 0, 3: 0, 4: 0}",1
402,False,"{'a': 0.5, 'e': 0.01759333726487174}",20,9,20.91128481564786,"{0: 11, 1: 0, 2: 0, 3: 0, 4: 0}",1
403,False,"{'a': 0.5, 'e': 0.017417403892223023}",35,16,21.18408793251454,"{0: 18, 1: 0, 2: 1, 3: 0, 4: 0}",1
404,False,"{'a': 0.5, 'e': 0.01724322985330079}",20,6,26.981212590332728,"{0: 14, 1: 0, 2: 0, 3: 0, 4: 0}",1
405,False,"{'a': 0.5, 'e': 0.017070797554767782}",20,14,9.861512145906083,"{0: 6, 1: 0, 2: 0, 3: 0, 4: 0}",1
406,False,"{'a': 0.5, 'e': 0.016900089579220106}",20,10,19.35306168666189,"{0: 10, 1: 0, 2: 0, 3: 0, 4: 0}",1
407,False,"{'a': 0.5, 'e': 0.016731088683427903}",25,4,38.53307074584944,"{0: 21, 1: 0, 2: 0, 3: 0, 4: 0}",1
408,False,"{'a': 0.5, 'e': 0.016563777796593626}",20,2,31.594481296288834,"{0: 18, 1: 0, 2: 0, 3: 0, 4: 0}",1
409,False,"{'a': 0.5, 'e': 0.016398140018627688}",20,16,5.606695519830742,"{0: 4, 1: 0, 2: 0, 3: 0, 4: 0}",1
410,False,"{'a': 0.5, 'e': 0.01623415861844141}",20,9,22.019229751804772,"{0: 11, 1: 0, 2: 0, 3: 0, 4: 0}",1
411,False,"{'a': 0.5, 'e': 0.016071817032256998}",30,18,24.01515471392829,"{0: 12, 1: 0, 2: 0, 3: 0, 4: 0}",1
412,False,"{'a': 0.5, 'e': 0.015911098861934425}",30,19,21.872459942392787,"{0: 11, 1: 0, 2: 0, 3: 0, 4: 0}",1
413,False,"{'a': 0.5, 'e': 0.015751987873315082}",20,16,7.802367511999233,"{0: 4, 1: 0, 2: 0, 3: 0, 4: 0}",1
414,False,"{'a': 0.5, 'e': 0.015594467994581931}",20,13,12.563897523595216,"{0: 7, 1: 0, 2: 0, 3: 0, 4: 0}",1
415,False,"{'a': 0.5, 'e': 0.015438523314636111}",25,8,35.12023519011929,"{0: 17, 1: 0, 2: 0, 3: 0, 4: 0}",1
416,False,"{'a': 0.5, 'e': 0.01528413808148975}",25,13,23.321709628222127,"{0: 12, 1: 0, 2: 0, 3: 0, 4: 0}",1
417,False,"{'a': 0.5, 'e': 0.015131296700674854}",20,14,12.679312389250171,"{0: 6, 1: 0, 2: 0, 3: 0, 4: 0}",1
418,False,"{'a': 0.5, 'e': 0.014979983733668104}",30,18,17.978143059453743,"{0: 11, 1: 1, 2: 0, 3: 0, 4: 0}",1
419,False,"{'a': 0.5, 'e': 0.014830183896331423}",20,6,21.434847735789866,"{0: 14, 1: 0, 2: 0, 3: 0, 4: 0}",1
420,False,"{'a': 0.5, 'e': 0.014681882057368109}",25,11,25.910887006012516,"{0: 14, 1: 0, 2: 0, 3: 0, 4: 0}",1
421,False,"{'a': 0.5, 'e': 0.014535063236794427}",20,11,16.242566597979835,"{0: 9, 1: 0, 2: 0, 3: 0, 4: 0}",1
422,False,"{'a': 0.5, 'e': 0.014389712604426484}",35,24,19.69405934827774,"{0: 11, 1: 0, 2: 0, 3: 0, 4: 0}",1
423,False,"{'a': 0.5, 'e': 0.014245815478382218}",20,8,21.549228566085542,"{0: 12, 1: 0, 2: 0, 3: 0, 4: 0}",1
424,False,"{'a': 0.5, 'e': 0.014103357323598397}",30,17,21.815333570295927,"{0: 13, 1: 0, 2: 0, 3: 0, 4: 0}",1
425,False,"{'a': 0.5, 'e': 0.013962323750362412}",30,24,11.384162965263528,"{0: 6, 1: 0, 2: 0, 3: 0, 4: 0}",1
426,False,"{'a': 0.5, 'e': 0.013822700512858787}",20,16,6.557382090993828,"{0: 4, 1: 0, 2: 0, 3: 0, 4: 0}",1
427,False,"{'a': 0.5, 'e': 0.013684473507730199}",30,15,31.679248557456084,"{0: 15, 1: 0, 2: 0, 3: 0, 4: 0}",1
428,False,"{'a': 0.5, 'e': 0.013547628772652897}",35,23,15.379442117728775,"{0: 11, 1: 1, 2: 0, 3: 0, 4: 0}",1
429,False,"{'a': 0.5, 'e': 0.013412152484926368}",25,18,13.901369838739402,"{0: 7, 1: 0, 2: 0, 3: 0, 4: 0}",1
430,False,"{'a': 0.5, 'e': 0.013278030960077104}",20,16,7.033109585432478,"{0: 4, 1: 0, 2: 0, 3: 0, 4: 0}",1
431,False,"{'a': 0.5, 'e': 0.013145250650476333}",30,19,-0.49008337509644684,"{0: 10, 1: 0, 2: 0, 3: 1, 4: 0}",1
432,False,"{'a': 0.5, 'e': 0.01301379814397157}",20,6,14.7052492340208,"{0: 13, 1: 0, 2: 1, 3: 0, 4: 0}",1
433,False,"{'a': 0.5, 'e': 0.012883660162531854}",30,18,23.759423965641336,"{0: 12, 1: 0, 2: 0, 3: 0, 4: 0}",1
434,False,"{'a': 0.5, 'e': 0.012754823560906535}",25,14,20.62494776890767,"{0: 11, 1: 0, 2: 0, 3: 0, 4: 0}",1
435,False,"{'a': 0.5, 'e': 0.01262727532529747}",35,18,27.869996562981157,"{0: 17, 1: 0, 2: 0, 3: 0, 4: 0}",1
436,False,"{'a': 0.5, 'e': 0.012501002572044496}",20,5,23.31285994884854,"{0: 15, 1: 0, 2: 0, 3: 0, 4: 0}",1
437,False,"{'a': 0.5, 'e': 0.01237599254632405}",25,14,23.3796169258647,"{0: 11, 1: 0, 2: 0, 3: 0, 4: 0}",1
438,False,"{'a': 0.5, 'e': 0.012252232620860809}",25,3,34.58978359391536,"{0: 22, 1: 0, 2: 0, 3: 0, 4: 0}",1
439,False,"{'a': 0.5, 'e': 0.012129710294652202}",20,3,28.180554610714044,"{0: 17, 1: 0, 2: 0, 3: 0, 4: 0}",1
440,False,"{'a': 0.5, 'e': 0.01200841319170568}",20,16,7.9608619878284035,"{0: 4, 1: 0, 2: 0, 3: 0, 4: 0}",1
441,False,"{'a': 0.5, 'e': 0.011888329059788622}",25,12,25.867100235477274,"{0: 13, 1: 0, 2: 0, 3: 0, 4: 0}",1
442,False,"{'a': 0.5, 'e': 0.011769445769190735}",20,15,12.03345001473182,"{0: 5, 1: 0, 2: 0, 3: 0, 4: 0}",1
443,False,"{'a': 0.5, 'e': 0.011651751311498829}",20,13,13.256856629034358,"{0: 7, 1: 0, 2: 0, 3: 0, 4: 0}",1
444,False,"{'a': 0.5, 'e': 0.01153523379838384}",20,11,18.43055639393267,"{0: 9, 1: 0, 2: 0, 3: 0, 4: 0}",1
445,False,"{'a': 0.5, 'e': 0.011419881460400001}",30,17,0.5521671735452383,"{0: 12, 1: 0, 2: 0, 3: 1, 4: 0}",1
446,False,"{'a': 0.5, 'e': 0.011305682645796001}",25,10,29.127142874456904,"{0: 15, 1: 0, 2: 0, 3: 0, 4: 0}",1
447,False,"{'a': 0.5, 'e': 0.011192625819338041}",25,14,21.72028758772083,"{0: 11, 1: 0, 2: 0, 3: 0, 4: 0}",1
448,False,"{'a': 0.5, 'e': 0.011080699561144661}",20,11,17.819451633820446,"{0: 9, 1: 0, 2: 0, 3: 0, 4: 0}",1
449,False,"{'a': 0.5, 'e': 0.010969892565533214}",20,16,6.838378512945564,"{0: 4, 1: 0, 2: 0, 3: 0, 4: 0}",1
450,False,"{'a': 0.5, 'e': 0.010860193639877882}",20,10,-23.983943035896793,"{0: 9, 1: 0, 2: 0, 3: 0, 4: 1}",1
451,False,"{'a': 0.5, 'e': 0.010751591703479103}",20,9,18.640006391581938,"{0: 11, 1: 0, 2: 0, 3: 0, 4: 0}",1
452,False,"{'a': 0.5, 'e': 0.010644075786444312}",20,6,25.911274019320874,"{0: 14, 1: 0, 2: 0, 3: 0, 4: 0}",1
453,False,"{'a': 0.5, 'e': 0.01053763502857987}",30,19,21.93014843678609,"{0: 11, 1: 0, 2: 0, 3: 0, 4: 0}",1
454,False,"{'a': 0.5, 'e': 0.01043225867829407}",25,8,29.705934936994936,"{0: 17, 1: 0, 2: 0, 3: 0, 4: 0}",1
455,False,"{'a': 0.5, 'e': 0.01032793609151113}",25,15,17.126168050939082,"{0: 10, 1: 0, 2: 0, 3: 0, 4: 0}",1
456,False,"{'a': 0.5, 'e': 0.010224656730596018}",20,10,18.609388348233978,"{0: 10, 1: 0, 2: 0, 3: 0, 4: 0}",1
457,False,"{'a': 0.5, 'e': 0.010122410163290057}",25,8,31.83051131721787,"{0: 17, 1: 0, 2: 0, 3: 0, 4: 0}",1
458,False,"{'a': 0.5, 'e': 0.010021186061657156}",20,4,26.197153616819843,"{0: 16, 1: 0, 2: 0, 3: 0, 4: 0}",1
459,False,"{'a': 0.5, 'e': 0.009920974201040586}",20,13,12.52962632353928,"{0: 7, 1: 0, 2: 0, 3: 0, 4: 0}",1
460,False,"{'a': 0.5, 'e': 0.009821764459030179}",30,21,16.623569456768173,"{0: 9, 1: 0, 2: 0, 3: 0, 4: 0}",1
461,False,"{'a': 0.5, 'e': 0.009723546814439878}",25,12,13.780922409918041,"{0: 12, 1: 0, 2: 1, 3: 0, 4: 0}",1
462,False,"{'a': 0.5, 'e': 0.009626311346295479}",25,10,12.203461699666567,"{0: 14, 1: 0, 2: 1, 3: 0, 4: 0}",1
463,False,"{'a': 0.5, 'e': 0.009530048232832523}",35,23,22.459989232903094,"{0: 12, 1: 0, 2: 0, 3: 0, 4: 0}",1
464,False,"{'a': 0.5, 'e': 0.009434747750504199}",20,13,13.29082997460955,"{0: 7, 1: 0, 2: 0, 3: 0, 4: 0}",1
465,False,"{'a': 0.5, 'e': 0.009340400272999157}",25,13,22.39479612456213,"{0: 12, 1: 0, 2: 0, 3: 0, 4: 0}",1
466,False,"{'a': 0.5, 'e': 0.009246996270269165}",30,15,29.606840251923465,"{0: 15, 1: 0, 2: 0, 3: 0, 4: 0}",1
467,False,"{'a': 0.5, 'e': 0.009154526307566474}",20,9,10.574356278613399,"{0: 10, 1: 0, 2: 1, 3: 0, 4: 0}",1
468,False,"{'a': 0.5, 'e': 0.009062981044490808}",20,12,15.94026444769954,"{0: 8, 1: 0, 2: 0, 3: 0, 4: 0}",1
469,False,"{'a': 0.5, 'e': 0.0089723512340459}",20,13,12.178945409765232,"{0: 7, 1: 0, 2: 0, 3: 0, 4: 0}",1
470,False,"{'a': 0.5, 'e': 0.00888262772170544}",20,2,32.337438044490455,"{0: 18, 1: 0, 2: 0, 3: 0, 4: 0}",1
471,False,"{'a': 0.5, 'e': 0.008793801444488386}",25,18,11.521854527751213,"{0: 7, 1: 0, 2: 0, 3: 0, 4: 0}",1
472,False,"{'a': 0.5, 'e': 0.008705863430043502}",20,12,16.613141953298175,"{0: 8, 1: 0, 2: 0, 3: 0, 4: 0}",1
473,False,"{'a': 0.5, 'e': 0.008618804795743068}",20,13,10.92886373673171,"{0: 7, 1: 0, 2: 0, 3: 0, 4: 0}",1
474,False,"{'a': 0.5, 'e': 0.008532616747785637}",20,11,15.753471350407294,"{0: 9, 1: 0, 2: 0, 3: 0, 4: 0}",1
475,False,"{'a': 0.5, 'e': 0.00844729058030778}",20,13,11.815229476996803,"{0: 7, 1: 0, 2: 0, 3: 0, 4: 0}",1
476,False,"{'a': 0.5, 'e': 0.008362817674504702}",25,11,27.814064905697066,"{0: 14, 1: 0, 2: 0, 3: 0, 4: 0}",1
477,False,"{'a': 0.5, 'e': 0.008279189497759656}",20,7,23.258786251402338,"{0: 13, 1: 0, 2: 0, 3: 0, 4: 0}",1
478,False,"{'a': 0.5, 'e': 0.008196397602782058}",20,14,8.380796390608586,"{0: 6, 1: 0, 2: 0, 3: 0, 4: 0}",1
479,False,"{'a': 0.5, 'e': 0.008114433626754238}",30,21,20.08337835687341,"{0: 9, 1: 0, 2: 0, 3: 0, 4: 0}",1
480,False,"{'a': 0.5, 'e': 0.008033289290486696}",25,11,21.282446424693347,"{0: 14, 1: 0, 2: 0, 3: 0, 4: 0}",1
481,False,"{'a': 0.5, 'e': 0.00795295639758183}",25,16,18.702066725483974,"{0: 9, 1: 0, 2: 0, 3: 0, 4: 0}",1
482,False,"{'a': 0.5, 'e': 0.00787342683360601}",20,0,27.98980378668879,"{0: 20, 1: 0, 2: 0, 3: 0, 4: 0}",0
483,False,"{'a': 0.5, 'e': 0.0077946925652699495}",25,14,19.550954376080856,"{0: 11, 1: 0, 2: 0, 3: 0, 4: 0}",1
484,False,"{'a': 0.5, 'e': 0.00771674563961725}",25,4,35.20436465862861,"{0: 21, 1: 0, 2: 0, 3: 0, 4: 0}",1
485,False,"{'a': 0.5, 'e': 0.007639578183221077}",25,19,11.322292595128818,"{0: 6, 1: 0, 2: 0, 3: 0, 4: 0}",1
486,False,"{'a': 0.5, 'e': 0.0075631824013888665}",30,10,37.90437587575593,"{0: 20, 1: 0, 2: 0, 3: 0, 4: 0}",1
487,False,"{'a': 0.5, 'e': 0.0074875505773749785}",25,9,31.19352118053525,"{0: 16, 1: 0, 2: 0, 3: 0, 4: 0}",1
488,False,"{'a': 0.5, 'e': 0.007412675071601228}",20,11,18.547416887780084,"{0: 9, 1: 0, 2: 0, 3: 0, 4: 0}",1
489,False,"{'a': 0.5, 'e': 0.007338548320885216}",25,6,33.703854057040516,"{0: 19, 1: 0, 2: 0, 3: 0, 4: 0}",1
490,False,"{'a': 0.5, 'e': 0.0072651628376763635}",35,14,37.58331359728626,"{0: 21, 1: 0, 2: 0, 3: 0, 4: 0}",1
491,False,"{'a': 0.5, 'e': 0.0071925112092996}",25,11,27.79556648516261,"{0: 14, 1: 0, 2: 0, 3: 0, 4: 0}",1
492,False,"{'a': 0.5, 'e': 0.007120586097206604}",30,22,15.001013540774991,"{0: 8, 1: 0, 2: 0, 3: 0, 4: 0}",1
493,False,"{'a': 0.5, 'e': 0.007049380236234538}",20,12,14.414929356741961,"{0: 8, 1: 0, 2: 0, 3: 0, 4: 0}",1
494,False,"{'a': 0.5, 'e': 0.006978886433872193}",30,14,29.275711911527292,"{0: 16, 1: 0, 2: 0, 3: 0, 4: 0}",1
495,False,"{'a': 0.5, 'e': 0.00690909756953347}",30,22,17.98186695570533,"{0: 8, 1: 0, 2: 0, 3: 0, 4: 0}",1
496,False,"{'a': 0.5, 'e': 0.006840006593838136}",20,13,10.938918937678658,"{0: 7, 1: 0, 2: 0, 3: 0, 4: 0}",1
497,False,"{'a': 0.5, 'e': 0.006771606527899755}",25,10,27.612119387951534,"{0: 15, 1: 0, 2: 0, 3: 0, 4: 0}",1
498,False,"{'a': 0.5, 'e': 0.0067038904626207565}",25,10,24.57881004432829,"{0: 15, 1: 0, 2: 0, 3: 0, 4: 0}",1
499,False,"{'a': 0.5, 'e': 0.006636851557994549}",25,14,22.56842012689054,"{0: 11, 1: 0, 2: 0, 3: 0, 4: 0}",1
500,False,"{'a': 0.5, 'e': 0.006570483042414603}",30,14,34.93675842174336,"{0: 16, 1: 0, 2: 0, 3: 0, 4: 0}",1
501,False,"{'a': 0.5, 'e': 0.006504778211990457}",20,11,14.123517723213876,"{0: 9, 1: 0, 2: 0, 3: 0, 4: 0}",1
502,False,"{'a': 0.5, 'e': 0.006439730429870553}",30,15,31.315575385124035,"{0: 15, 1: 0, 2: 0, 3: 0, 4: 0}",1
503,False,"{'a': 0.5, 'e': 0.006375333125571847}",20,14,12.117613142047354,"{0: 6, 1: 0, 2: 0, 3: 0, 4: 0}",1
504,False,"{'a': 0.5, 'e': 0.006311579794316129}",20,0,31.663071376336315,"{0: 20, 1: 0, 2: 0, 3: 0, 4: 0}",1
505,False,"{'a': 0.5, 'e': 0.006248463996372967}",30,19,24.741718831754017,"{0: 11, 1: 0, 2: 0, 3: 0, 4: 0}",1
506,False,"{'a': 0.5, 'e': 0.0061859793564092375}",30,17,27.032677720521384,"{0: 13, 1: 0, 2: 0, 3: 0, 4: 0}",1
507,False,"{'a': 0.5, 'e': 0.006124119562845145}",20,8,23.641837779433086,"{0: 12, 1: 0, 2: 0, 3: 0, 4: 0}",1
508,False,"{'a': 0.5, 'e': 0.0060628783672166935}",25,7,30.504590839430904,"{0: 18, 1: 0, 2: 0, 3: 0, 4: 0}",1
509,False,"{'a': 0.5, 'e': 0.006002249583544526}",30,12,34.77913113867588,"{0: 18, 1: 0, 2: 0, 3: 0, 4: 0}",1
510,False,"{'a': 0.5, 'e': 0.005942227087709081}",20,6,24.24686576543179,"{0: 14, 1: 0, 2: 0, 3: 0, 4: 0}",1
511,False,"{'a': 0.5, 'e': 0.00588280481683199}",25,5,35.009057774464424,"{0: 20, 1: 0, 2: 0, 3: 0, 4: 0}",1
512,False,"{'a': 0.5, 'e': 0.005823976768663671}",20,12,14.476803559218608,"{0: 8, 1: 0, 2: 0, 3: 0, 4: 0}",1
513,False,"{'a': 0.5, 'e': 0.0057657370009770335}",20,7,22.39352158905907,"{0: 13, 1: 0, 2: 0, 3: 0, 4: 0}",1
514,False,"{'a': 0.5, 'e': 0.005708079630967263}",30,22,16.493735426521262,"{0: 8, 1: 0, 2: 0, 3: 0, 4: 0}",1
515,False,"{'a': 0.5, 'e': 0.00565099883465759}",20,10,17.996193098156592,"{0: 10, 1: 0, 2: 0, 3: 0, 4: 0}",1
516,False,"{'a': 0.5, 'e': 0.005594488846311015}",20,15,11.878503011767181,"{0: 5, 1: 0, 2: 0, 3: 0, 4: 0}",1
517,False,"{'a': 0.5, 'e': 0.005538543957847904}",30,13,28.416404074244152,"{0: 17, 1: 0, 2: 0, 3: 0, 4: 0}",1
518,False,"{'a': 0.5, 'e': 0.005483158518269426}",30,7,38.14996243793662,"{0: 23, 1: 0, 2: 0, 3: 0, 4: 0}",1
519,False,"{'a': 0.5, 'e': 0.005428326933086731}",30,13,31.159376349573357,"{0: 17, 1: 0, 2: 0, 3: 0, 4: 0}",1
520,False,"{'a': 0.5, 'e': 0.005374043663755864}",20,8,13.584512910704888,"{0: 11, 1: 0, 2: 1, 3: 0, 4: 0}",1
521,False,"{'a': 0.5, 'e': 0.005320303227118305}",20,12,18.52674441969927,"{0: 8, 1: 0, 2: 0, 3: 0, 4: 0}",1
522,False,"{'a': 0.5, 'e': 0.005267100194847122}",25,12,25.702113705218295,"{0: 13, 1: 0, 2: 0, 3: 0, 4: 0}",1
523,False,"{'a': 0.5, 'e': 0.005214429192898651}",25,13,24.19962642745899,"{0: 12, 1: 0, 2: 0, 3: 0, 4: 0}",1
524,False,"{'a': 0.5, 'e': 0.005162284900969664}",20,9,19.89721765281691,"{0: 11, 1: 0, 2: 0, 3: 0, 4: 0}",1
525,False,"{'a': 0.5, 'e': 0.005110662051959968}",20,8,21.27614462328008,"{0: 12, 1: 0, 2: 0, 3: 0, 4: 0}",1
526,False,"{'a': 0.5, 'e': 0.005059555431440368}",20,12,17.401087570295417,"{0: 8, 1: 0, 2: 0, 3: 0, 4: 0}",1
527,False,"{'a': 0.5, 'e': 0.005008959877125964}",20,13,10.096677183309692,"{0: 6, 1: 1, 2: 0, 3: 0, 4: 0}",1
528,False,"{'a': 0.5, 'e': 0.0049588702783547045}",20,11,16.421999013437883,"{0: 9, 1: 0, 2: 0, 3: 0, 4: 0}",1
529,False,"{'a': 0.5, 'e': 0.004909281575571157}",30,13,35.05198715162933,"{0: 17, 1: 0, 2: 0, 3: 0, 4: 0}",1
530,False,"{'a': 0.5, 'e': 0.0048601887598154455}",20,14,11.794519345806584,"{0: 6, 1: 0, 2: 0, 3: 0, 4: 0}",1
531,False,"{'a': 0.5, 'e': 0.004811586872217291}",20,13,14.055443184029437,"{0: 7, 1: 0, 2: 0, 3: 0, 4: 0}",1
532,False,"{'a': 0.5, 'e': 0.004763471003495118}",25,20,8.559172241769312,"{0: 5, 1: 0, 2: 0, 3: 0, 4: 0}",1
533,False,"{'a': 0.5, 'e': 0.004715836293460167}",30,22,15.674000621210677,"{0: 8, 1: 0, 2: 0, 3: 0, 4: 0}",1
534,False,"{'a': 0.5, 'e': 0.004668677930525565}",20,7,23.506866080946068,"{0: 13, 1: 0, 2: 0, 3: 0, 4: 0}",1
535,False,"{'a': 0.5, 'e': 0.0046219911512203095}",25,13,17.953236282436336,"{0: 12, 1: 0, 2: 0, 3: 0, 4: 0}",1
536,False,"{'a': 0.5, 'e': 0.004575771239708106}",20,9,22.502902980700963,"{0: 11, 1: 0, 2: 0, 3: 0, 4: 0}",1
537,False,"{'a': 0.5, 'e': 0.004530013527311025}",30,22,17.130714495874987,"{0: 8, 1: 0, 2: 0, 3: 0, 4: 0}",1
538,False,"{'a': 0.5, 'e': 0.004484713392037915}",30,18,23.338416697999875,"{0: 12, 1: 0, 2: 0, 3: 0, 4: 0}",1
539,False,"{'a': 0.5, 'e': 0.004439866258117536}",20,13,13.859846613182894,"{0: 7, 1: 0, 2: 0, 3: 0, 4: 0}",1
540,False,"{'a': 0.5, 'e': 0.004395467595536361}",25,17,13.476200441927382,"{0: 8, 1: 0, 2: 0, 3: 0, 4: 0}",1
541,False,"{'a': 0.5, 'e': 0.0043515129195809965}",30,13,30.90933094328848,"{0: 17, 1: 0, 2: 0, 3: 0, 4: 0}",1
542,False,"{'a': 0.5, 'e': 0.004307997790385187}",20,6,19.502861099101814,"{0: 14, 1: 0, 2: 0, 3: 0, 4: 0}",1
543,False,"{'a': 0.5, 'e': 0.004264917812481335}",25,13,23.74862449188514,"{0: 12, 1: 0, 2: 0, 3: 0, 4: 0}",1
544,False,"{'a': 0.5, 'e': 0.004222268634356522}",25,13,19.518068957003106,"{0: 12, 1: 0, 2: 0, 3: 0, 4: 0}",1
545,False,"{'a': 0.5, 'e': 0.004180045948012957}",20,9,20.017864018621562,"{0: 11, 1: 0, 2: 0, 3: 0, 4: 0}",1
546,False,"{'a': 0.5, 'e': 0.004138245488532827}",25,11,25.56152702284682,"{0: 14, 1: 0, 2: 0, 3: 0, 4: 0}",1
547,False,"{'a': 0.5, 'e': 0.004096863033647498}",25,15,12.454113013758544,"{0: 10, 1: 0, 2: 0, 3: 0, 4: 0}",1
548,False,"{'a': 0.5, 'e': 0.0040558944033110235}",20,11,18.413038766831377,"{0: 9, 1: 0, 2: 0, 3: 0, 4: 0}",1
549,False,"{'a': 0.5, 'e': 0.004015335459277913}",20,0,28.346288891580205,"{0: 20, 1: 0, 2: 0, 3: 0, 4: 0}",0
550,False,"{'a': 0.5, 'e': 0.003975182104685134}",20,15,12.154792637700588,"{0: 5, 1: 0, 2: 0, 3: 0, 4: 0}",1
551,False,"{'a': 0.5, 'e': 0.003935430283638282}",25,13,20.873881793390705,"{0: 12, 1: 0, 2: 0, 3: 0, 4: 0}",1
552,False,"{'a': 0.5, 'e': 0.0038960759808018995}",20,7,21.652110527302774,"{0: 13, 1: 0, 2: 0, 3: 0, 4: 0}",1
553,False,"{'a': 0.5, 'e': 0.0038571152209938807}",25,15,19.5631754253946,"{0: 10, 1: 0, 2: 0, 3: 0, 4: 0}",1
554,False,"{'a': 0.5, 'e': 0.0038185440687839418}",20,7,26.719888207529852,"{0: 13, 1: 0, 2: 0, 3: 0, 4: 0}",1
555,False,"{'a': 0.5, 'e': 0.003780358628096102}",20,9,19.664584076501708,"{0: 11, 1: 0, 2: 0, 3: 0, 4: 0}",1
556,False,"{'a': 0.5, 'e': 0.0037425550418151415}",20,11,17.474871537984612,"{0: 9, 1: 0, 2: 0, 3: 0, 4: 0}",1
557,False,"{'a': 0.5, 'e': 0.0037051294913969897}",35,12,40.36190161259268,"{0: 23, 1: 0, 2: 0, 3: 0, 4: 0}",1
558,False,"{'a': 0.5, 'e': 0.00366807819648302}",20,13,15.271084124115307,"{0: 7, 1: 0, 2: 0, 3: 0, 4: 0}",1
559,False,"{'a': 0.5, 'e': 0.0036313974145181895}",30,19,24.589389528296877,"{0: 11, 1: 0, 2: 0, 3: 0, 4: 0}",1
560,False,"{'a': 0.5, 'e': 0.003595083440373008}",25,14,18.796528337441927,"{0: 11, 1: 0, 2: 0, 3: 0, 4: 0}",1
561,False,"{'a': 0.5, 'e': 0.003559132605969278}",30,15,28.247792627251666,"{0: 15, 1: 0, 2: 0, 3: 0, 4: 0}",1
562,False,"{'a': 0.5, 'e': 0.003523541279909585}",20,11,14.424370447169196,"{0: 9, 1: 0, 2: 0, 3: 0, 4: 0}",1
563,False,"{'a': 0.5, 'e': 0.003488305867110489}",25,14,17.401949832116593,"{0: 11, 1: 0, 2: 0, 3: 0, 4: 0}",1
564,False,"{'a': 0.5, 'e': 0.003453422808439384}",20,6,27.04048492867195,"{0: 14, 1: 0, 2: 0, 3: 0, 4: 0}",1
565,False,"{'a': 0.5, 'e': 0.0034188885803549903}",20,8,21.356225383884414,"{0: 12, 1: 0, 2: 0, 3: 0, 4: 0}",1
566,False,"{'a': 0.5, 'e': 0.0033846996945514404}",20,15,10.445770167332057,"{0: 5, 1: 0, 2: 0, 3: 0, 4: 0}",1
567,False,"{'a': 0.5, 'e': 0.003350852697605926}",25,20,11.100420618032523,"{0: 5, 1: 0, 2: 0, 3: 0, 4: 0}",1
568,False,"{'a': 0.5, 'e': 0.0033173441706298664}",20,12,12.81069720209673,"{0: 8, 1: 0, 2: 0, 3: 0, 4: 0}",1
569,False,"{'a': 0.5, 'e': 0.0032841707289235677}",20,9,16.75980504374246,"{0: 11, 1: 0, 2: 0, 3: 0, 4: 0}",1
570,False,"{'a': 0.5, 'e': 0.003251329021634332}",25,15,20.057152117335487,"{0: 10, 1: 0, 2: 0, 3: 0, 4: 0}",1
571,False,"{'a': 0.5, 'e': 0.0032188157314179885}",30,17,21.44302656319414,"{0: 13, 1: 0, 2: 0, 3: 0, 4: 0}",1
572,False,"{'a': 0.5, 'e': 0.003186627574103809}",20,15,10.561271364244917,"{0: 5, 1: 0, 2: 0, 3: 0, 4: 0}",1
573,False,"{'a': 0.5, 'e': 0.0031547612983627705}",20,12,16.04751176035045,"{0: 8, 1: 0, 2: 0, 3: 0, 4: 0}",1
574,False,"{'a': 0.5, 'e': 0.003123213685379143}",35,18,31.809274023626656,"{0: 17, 1: 0, 2: 0, 3: 0, 4: 0}",1
575,False,"{'a': 0.5, 'e': 0.0030919815485253516}",20,6,19.163500809046,"{0: 14, 1: 0, 2: 0, 3: 0, 4: 0}",1
576,False,"{'a': 0.5, 'e': 0.003061061733040098}",20,6,20.361828386418228,"{0: 14, 1: 0, 2: 0, 3: 0, 4: 0}",1
577,False,"{'a': 0.5, 'e': 0.003030451115709697}",30,18,22.246613654546298,"{0: 12, 1: 0, 2: 0, 3: 0, 4: 0}",1
578,False,"{'a': 0.5, 'e': 0.0030001466045526}",20,15,11.048104645803285,"{0: 5, 1: 0, 2: 0, 3: 0, 4: 0}",1
579,False,"{'a': 0.5, 'e': 0.002970145138507074}",20,13,10.526780532549022,"{0: 7, 1: 0, 2: 0, 3: 0, 4: 0}",1
580,False,"{'a': 0.5, 'e': 0.002940443687122003}",25,19,12.460297645416464,"{0: 6, 1: 0, 2: 0, 3: 0, 4: 0}",1
581,False,"{'a': 0.5, 'e': 0.002911039250250783}",25,8,29.767301440959507,"{0: 17, 1: 0, 2: 0, 3: 0, 4: 0}",1
582,False,"{'a': 0.5, 'e': 0.0028819288577482754}",20,16,6.08793428232451,"{0: 4, 1: 0, 2: 0, 3: 0, 4: 0}",1
583,False,"{'a': 0.5, 'e': 0.0028531095691707925}",35,9,44.722410834299275,"{0: 26, 1: 0, 2: 0, 3: 0, 4: 0}",1
584,False,"{'a': 0.5, 'e': 0.0028245784734790844}",25,1,43.54413102675281,"{0: 24, 1: 0, 2: 0, 3: 0, 4: 0}",1
585,False,"{'a': 0.5, 'e': 0.0027963326887442937}",25,11,29.128487248585742,"{0: 14, 1: 0, 2: 0, 3: 0, 4: 0}",1
586,False,"{'a': 0.5, 'e': 0.0027683693618568506}",30,18,20.52824423134679,"{0: 12, 1: 0, 2: 0, 3: 0, 4: 0}",1
587,False,"{'a': 0.5, 'e': 0.002740685668238282}",20,11,17.806012682314044,"{0: 9, 1: 0, 2: 0, 3: 0, 4: 0}",1
588,False,"{'a': 0.5, 'e': 0.0027132788115558993}",25,15,20.234166351528835,"{0: 10, 1: 0, 2: 0, 3: 0, 4: 0}",1
589,False,"{'a': 0.5, 'e': 0.0026861460234403403}",25,3,32.79435798585959,"{0: 22, 1: 0, 2: 0, 3: 0, 4: 0}",1
590,False,"{'a': 0.5, 'e': 0.002659284563205937}",25,20,9.465172434660152,"{0: 5, 1: 0, 2: 0, 3: 0, 4: 0}",1
591,False,"{'a': 0.5, 'e': 0.0026326917175738774}",20,16,7.423890280223573,"{0: 4, 1: 0, 2: 0, 3: 0, 4: 0}",1
592,False,"{'a': 0.5, 'e': 0.0026063648003981387}",35,20,31.738432183579338,"{0: 15, 1: 0, 2: 0, 3: 0, 4: 0}",1
593,False,"{'a': 0.5, 'e': 0.0025803011523941573}",35,11,43.6436275744405,"{0: 24, 1: 0, 2: 0, 3: 0, 4: 0}",1
594,False,"{'a': 0.5, 'e': 0.0025544981408702158}",25,10,31.411647845353844,"{0: 15, 1: 0, 2: 0, 3: 0, 4: 0}",1
595,False,"{'a': 0.5, 'e': 0.0025289531594615135}",25,13,21.575415190983847,"{0: 12, 1: 0, 2: 0, 3: 0, 4: 0}",1
596,False,"{'a': 0.5, 'e': 0.0025036636278668984}",35,8,47.76943803982829,"{0: 27, 1: 0, 2: 0, 3: 0, 4: 0}",1
597,False,"{'a': 0.5, 'e': 0.0024786269915882293}",20,15,8.253111113174093,"{0: 5, 1: 0, 2: 0, 3: 0, 4: 0}",1
598,False,"{'a': 0.5, 'e': 0.002453840721672347}",20,10,19.921488186642197,"{0: 10, 1: 0, 2: 0, 3: 0, 4: 0}",1
599,False,"{'a': 0.5, 'e': 0.0024293023144556234}",30,1,49.05431544920519,"{0: 29, 1: 0, 2: 0, 3: 0, 4: 0}",1
600,False,"{'a': 0.5, 'e': 0.0024050092913110673}",25,15,18.050658666452364,"{0: 10, 1: 0, 2: 0, 3: 0, 4: 0}",1
601,False,"{'a': 0.5, 'e': 0.0023809591983979567}",20,8,20.997001685665737,"{0: 12, 1: 0, 2: 0, 3: 0, 4: 0}",1
602,False,"{'a': 0.5, 'e': 0.002357149606413977}",25,20,11.609809768697428,"{0: 5, 1: 0, 2: 0, 3: 0, 4: 0}",1
603,False,"{'a': 0.5, 'e': 0.002333578110349837}",20,0,28.115384676931658,"{0: 20, 1: 0, 2: 0, 3: 0, 4: 0}",0
604,False,"{'a': 0.5, 'e': 0.0023102423292463386}",20,10,19.607263547077082,"{0: 10, 1: 0, 2: 0, 3: 0, 4: 0}",1
605,False,"{'a': 0.5, 'e': 0.0022871399059538754}",35,17,32.439376971271784,"{0: 18, 1: 0, 2: 0, 3: 0, 4: 0}",1
606,False,"{'a': 0.5, 'e': 0.0022642685068943367}",25,17,12.63645796551063,"{0: 8, 1: 0, 2: 0, 3: 0, 4: 0}",1
607,False,"{'a': 0.5, 'e': 0.002241625821825393}",25,7,31.547199787500247,"{0: 18, 1: 0, 2: 0, 3: 0, 4: 0}",1
608,False,"{'a': 0.5, 'e': 0.0022192095636071395}",20,10,21.046241246275823,"{0: 10, 1: 0, 2: 0, 3: 0, 4: 0}",1
609,False,"{'a': 0.5, 'e': 0.002197017467971068}",20,14,9.237140426651322,"{0: 6, 1: 0, 2: 0, 3: 0, 4: 0}",1
610,False,"{'a': 0.5, 'e': 0.002175047293291357}",20,8,22.74554230682149,"{0: 12, 1: 0, 2: 0, 3: 0, 4: 0}",1
611,False,"{'a': 0.5, 'e': 0.002153296820358444}",20,11,16.4826329637893,"{0: 9, 1: 0, 2: 0, 3: 0, 4: 0}",1
612,False,"{'a': 0.5, 'e': 0.0021317638521548593}",35,21,25.8391251141134,"{0: 14, 1: 0, 2: 0, 3: 0, 4: 0}",1
613,False,"{'a': 0.5, 'e': 0.0021104462136333105}",30,21,18.533325242071705,"{0: 9, 1: 0, 2: 0, 3: 0, 4: 0}",1
614,False,"{'a': 0.5, 'e': 0.0020893417514969773}",20,6,27.294626491576746,"{0: 14, 1: 0, 2: 0, 3: 0, 4: 0}",1
615,False,"{'a': 0.5, 'e': 0.0020684483339820075}",20,11,16.299151834997673,"{0: 9, 1: 0, 2: 0, 3: 0, 4: 0}",1
616,False,"{'a': 0.5, 'e': 0.0020477638506421875}",20,6,25.480528672371033,"{0: 14, 1: 0, 2: 0, 3: 0, 4: 0}",1
617,False,"{'a': 0.5, 'e': 0.0020272862121357657}",25,13,25.464760865280137,"{0: 12, 1: 0, 2: 0, 3: 0, 4: 0}",1
618,False,"{'a': 0.5, 'e': 0.002007013350014408}",20,14,9.687512482905655,"{0: 6, 1: 0, 2: 0, 3: 0, 4: 0}",1
619,False,"{'a': 0.5, 'e': 0.0019869432165142637}",30,24,10.495992114344297,"{0: 6, 1: 0, 2: 0, 3: 0, 4: 0}",1
620,False,"{'a': 0.5, 'e': 0.001967073784349121}",25,12,19.83394990117692,"{0: 13, 1: 0, 2: 0, 3: 0, 4: 0}",1
621,False,"{'a': 0.5, 'e': 0.00194740304650563}",25,17,14.276299096236086,"{0: 8, 1: 0, 2: 0, 3: 0, 4: 0}",1
622,False,"{'a': 0.5, 'e': 0.0019279290160405737}",20,3,30.748758729185354,"{0: 17, 1: 0, 2: 0, 3: 0, 4: 0}",1
623,False,"{'a': 0.5, 'e': 0.001908649725880168}",25,19,11.680174912433005,"{0: 6, 1: 0, 2: 0, 3: 0, 4: 0}",1
624,False,"{'a': 0.5, 'e': 0.0018895632286213661}",20,16,9.487077802145345,"{0: 4, 1: 0, 2: 0, 3: 0, 4: 0}",1
625,False,"{'a': 0.5, 'e': 0.0018706675963351526}",30,10,35.272554452939616,"{0: 20, 1: 0, 2: 0, 3: 0, 4: 0}",1
626,False,"{'a': 0.5, 'e': 0.001851960920371801}",25,11,23.961186960157313,"{0: 14, 1: 0, 2: 0, 3: 0, 4: 0}",1
627,False,"{'a': 0.5, 'e': 0.001833441311168083}",20,14,12.048713267075819,"{0: 6, 1: 0, 2: 0, 3: 0, 4: 0}",1
628,False,"{'a': 0.5, 'e': 0.0018151068980564022}",20,16,8.415657210178786,"{0: 4, 1: 0, 2: 0, 3: 0, 4: 0}",1
629,False,"{'a': 0.5, 'e': 0.001796955829075838}",20,11,13.005014017391751,"{0: 9, 1: 0, 2: 0, 3: 0, 4: 0}",1
630,False,"{'a': 0.5, 'e': 0.0017789862707850797}",30,18,22.889083215604597,"{0: 12, 1: 0, 2: 0, 3: 0, 4: 0}",1
631,False,"{'a': 0.5, 'e': 0.001761196408077229}",20,11,17.291493862752244,"{0: 9, 1: 0, 2: 0, 3: 0, 4: 0}",1
632,False,"{'a': 0.5, 'e': 0.0017435844439964566}",25,16,17.69423658225449,"{0: 9, 1: 0, 2: 0, 3: 0, 4: 0}",1
633,False,"{'a': 0.5, 'e': 0.001726148599556492}",20,2,28.4286331375952,"{0: 18, 1: 0, 2: 0, 3: 0, 4: 0}",1
634,False,"{'a': 0.5, 'e': 0.001708887113560927}",20,1,28.8415244092248,"{0: 19, 1: 0, 2: 0, 3: 0, 4: 0}",1
635,False,"{'a': 0.5, 'e': 0.0016917982424253177}",25,14,18.692784562055515,"{0: 11, 1: 0, 2: 0, 3: 0, 4: 0}",1
636,False,"{'a': 0.5, 'e': 0.0016748802600010646}",20,15,9.504099699630359,"{0: 5, 1: 0, 2: 0, 3: 0, 4: 0}",1
637,False,"{'a': 0.5, 'e': 0.0016581314574010539}",30,13,29.744264590214364,"{0: 17, 1: 0, 2: 0, 3: 0, 4: 0}",1
638,False,"{'a': 0.5, 'e': 0.0016415501428270432}",20,8,20.41950462798539,"{0: 12, 1: 0, 2: 0, 3: 0, 4: 0}",1
639,False,"{'a': 0.5, 'e': 0.001625134641398773}",20,13,10.271638750774336,"{0: 7, 1: 0, 2: 0, 3: 0, 4: 0}",1
640,False,"{'a': 0.5, 'e': 0.001608883294984785}",35,20,22.63436565596049,"{0: 15, 1: 0, 2: 0, 3: 0, 4: 0}",1
641,False,"{'a': 0.5, 'e': 0.0015927944620349372}",25,14,18.434674494321705,"{0: 11, 1: 0, 2: 0, 3: 0, 4: 0}",1
642,False,"{'a': 0.5, 'e': 0.0015768665174145879}",20,12,15.802219740919622,"{0: 8, 1: 0, 2: 0, 3: 0, 4: 0}",1
643,False,"{'a': 0.5, 'e': 0.001561097852240442}",25,17,17.162602328868722,"{0: 8, 1: 0, 2: 0, 3: 0, 4: 0}",1
644,False,"{'a': 0.5, 'e': 0.0015454868737180376}",30,16,26.181230264978534,"{0: 14, 1: 0, 2: 0, 3: 0, 4: 0}",1
645,False,"{'a': 0.5, 'e': 0.0015300320049808573}",20,12,15.113040384443465,"{0: 8, 1: 0, 2: 0, 3: 0, 4: 0}",1
646,False,"{'a': 0.5, 'e': 0.0015147316849310486}",25,8,29.897824331950165,"{0: 17, 1: 0, 2: 0, 3: 0, 4: 0}",1
647,False,"{'a': 0.5, 'e': 0.001499584368081738}",30,21,15.35346467443662,"{0: 9, 1: 0, 2: 0, 3: 0, 4: 0}",1
648,False,"{'a': 0.5, 'e': 0.0014845885244009207}",30,24,12.765114634106588,"{0: 6, 1: 0, 2: 0, 3: 0, 4: 0}",1
649,False,"{'a': 0.5, 'e': 0.0014697426391569114}",25,14,24.204268390468,"{0: 11, 1: 0, 2: 0, 3: 0, 4: 0}",1
650,False,"{'a': 0.5, 'e': 0.0014550452127653423}",25,13,23.028503041294876,"{0: 12, 1: 0, 2: 0, 3: 0, 4: 0}",1
651,False,"{'a': 0.5, 'e': 0.001440494760637689}",30,21,17.931524996271058,"{0: 9, 1: 0, 2: 0, 3: 0, 4: 0}",1
652,False,"{'a': 0.5, 'e': 0.001426089813031312}",25,11,25.94469616545004,"{0: 14, 1: 0, 2: 0, 3: 0, 4: 0}",1
653,False,"{'a': 0.5, 'e': 0.0014118289149009989}",20,16,8.530765126013709,"{0: 4, 1: 0, 2: 0, 3: 0, 4: 0}",1
654,False,"{'a': 0.5, 'e': 0.0013977106257519888}",20,0,27.211453725630058,"{0: 20, 1: 0, 2: 0, 3: 0, 4: 0}",0
655,False,"{'a': 0.5, 'e': 0.001383733519494469}",30,18,26.42867144039313,"{0: 12, 1: 0, 2: 0, 3: 0, 4: 0}",1
656,False,"{'a': 0.5, 'e': 0.0013698961842995242}",35,18,35.33495140620953,"{0: 17, 1: 0, 2: 0, 3: 0, 4: 0}",1
657,False,"{'a': 0.5, 'e': 0.001356197222456529}",20,10,16.931649792658295,"{0: 10, 1: 0, 2: 0, 3: 0, 4: 0}",1
658,False,"{'a': 0.5, 'e': 0.0013426352502319636}",25,4,38.08715484714282,"{0: 21, 1: 0, 2: 0, 3: 0, 4: 0}",1
659,False,"{'a': 0.5, 'e': 0.001329208897729644}",25,20,7.474209133998788,"{0: 5, 1: 0, 2: 0, 3: 0, 4: 0}",1
660,False,"{'a': 0.5, 'e': 0.0013159168087523475}",25,18,12.987638027321495,"{0: 7, 1: 0, 2: 0, 3: 0, 4: 0}",1
661,False,"{'a': 0.5, 'e': 0.0013027576406648242}",20,8,22.86501869553783,"{0: 12, 1: 0, 2: 0, 3: 0, 4: 0}",1
662,False,"{'a': 0.5, 'e': 0.0012897300642581758}",20,13,12.37956463202189,"{0: 7, 1: 0, 2: 0, 3: 0, 4: 0}",1
663,False,"{'a': 0.5, 'e': 0.001276832763615594}",20,15,9.676559751468085,"{0: 5, 1: 0, 2: 0, 3: 0, 4: 0}",1
664,False,"{'a': 0.5, 'e': 0.0012640644359794382}",25,6,28.918308474958057,"{0: 19, 1: 0, 2: 0, 3: 0, 4: 0}",1
665,False,"{'a': 0.5, 'e': 0.0012514237916196437}",20,6,28.376314344379328,"{0: 14, 1: 0, 2: 0, 3: 0, 4: 0}",1
666,False,"{'a': 0.5, 'e': 0.0012389095537034473}",25,0,42.772606876858326,"{0: 25, 1: 0, 2: 0, 3: 0, 4: 0}",0
667,False,"{'a': 0.5, 'e': 0.0012265204581664128}",30,16,27.476208867313034,"{0: 14, 1: 0, 2: 0, 3: 0, 4: 0}",1
668,False,"{'a': 0.5, 'e': 0.0012142552535847487}",30,18,23.599241479603233,"{0: 12, 1: 0, 2: 0, 3: 0, 4: 0}",1
669,False,"{'a': 0.5, 'e': 0.0012021127010489012}",20,11,18.710479247004585,"{0: 9, 1: 0, 2: 0, 3: 0, 4: 0}",1
670,False,"{'a': 0.5, 'e': 0.0011900915740384122}",25,18,13.214330412260516,"{0: 7, 1: 0, 2: 0, 3: 0, 4: 0}",1
671,False,"{'a': 0.5, 'e': 0.001178190658298028}",25,4,41.287539074767444,"{0: 21, 1: 0, 2: 0, 3: 0, 4: 0}",1
672,False,"{'a': 0.5, 'e': 0.0011664087517150477}",25,13,24.49755748436522,"{0: 12, 1: 0, 2: 0, 3: 0, 4: 0}",1
673,False,"{'a': 0.5, 'e': 0.0011547446641978973}",20,10,17.56692484182903,"{0: 10, 1: 0, 2: 0, 3: 0, 4: 0}",1
674,False,"{'a': 0.5, 'e': 0.0011431972175559183}",30,13,35.20942469661758,"{0: 17, 1: 0, 2: 0, 3: 0, 4: 0}",1
675,False,"{'a': 0.5, 'e': 0.0011317652453803591}",20,12,16.495595804681933,"{0: 8, 1: 0, 2: 0, 3: 0, 4: 0}",1
676,False,"{'a': 0.5, 'e': 0.0011204475929265554}",25,14,18.666053483391533,"{0: 11, 1: 0, 2: 0, 3: 0, 4: 0}",1
677,False,"{'a': 0.5, 'e': 0.0011092431169972899}",30,21,17.40852992032443,"{0: 9, 1: 0, 2: 0, 3: 0, 4: 0}",1
678,False,"{'a': 0.5, 'e': 0.001098150685827317}",25,14,21.161527542033976,"{0: 11, 1: 0, 2: 0, 3: 0, 4: 0}",1
679,False,"{'a': 0.5, 'e': 0.0010871691789690438}",20,8,22.82695317733381,"{0: 12, 1: 0, 2: 0, 3: 0, 4: 0}",1
680,False,"{'a': 0.5, 'e': 0.0010762974871793534}",20,0,30.99718531655007,"{0: 20, 1: 0, 2: 0, 3: 0, 4: 0}",0
681,False,"{'a': 0.5, 'e': 0.0010655345123075598}",30,21,16.357860417279934,"{0: 9, 1: 0, 2: 0, 3: 0, 4: 0}",1
682,False,"{'a': 0.5, 'e': 0.0010548791671844842}",25,19,11.307886041605489,"{0: 6, 1: 0, 2: 0, 3: 0, 4: 0}",1
683,False,"{'a': 0.5, 'e': 0.0010443303755126394}",25,11,27.363808826861177,"{0: 14, 1: 0, 2: 0, 3: 0, 4: 0}",1
684,False,"{'a': 0.5, 'e': 0.001033887071757513}",20,9,18.91653422276238,"{0: 11, 1: 0, 2: 0, 3: 0, 4: 0}",1
685,False,"{'a': 0.5, 'e': 0.0010235482010399377}",30,20,20.382965252283675,"{0: 10, 1: 0, 2: 0, 3: 0, 4: 0}",1
686,False,"{'a': 0.5, 'e': 0.0010133127190295385}",25,13,23.488614031330602,"{0: 12, 1: 0, 2: 0, 3: 0, 4: 0}",1
687,False,"{'a': 0.5, 'e': 0.001003179591839243}",20,9,21.049220983173683,"{0: 11, 1: 0, 2: 0, 3: 0, 4: 0}",1
688,False,"{'a': 0.5, 'e': 0.0009931477959208507}",20,13,16.780966666931803,"{0: 7, 1: 0, 2: 0, 3: 0, 4: 0}",1
689,False,"{'a': 0.5, 'e': 0.0009832163179616421}",25,13,23.374232425995785,"{0: 12, 1: 0, 2: 0, 3: 0, 4: 0}",1
690,False,"{'a': 0.5, 'e': 0.0009733841547820256}",20,10,17.840966108864386,"{0: 10, 1: 0, 2: 0, 3: 0, 4: 0}",1
691,False,"{'a': 0.5, 'e': 0.0009636503132342054}",20,11,13.550391821768688,"{0: 9, 1: 0, 2: 0, 3: 0, 4: 0}",1
692,False,"{'a': 0.5, 'e': 0.0009540138101018634}",20,2,23.84172403874619,"{0: 18, 1: 0, 2: 0, 3: 0, 4: 0}",1
693,False,"{'a': 0.5, 'e': 0.0009444736720008447}",20,2,28.449095206121722,"{0: 18, 1: 0, 2: 0, 3: 0, 4: 0}",1
694,False,"{'a': 0.5, 'e': 0.0009350289352808363}",20,12,17.652096478073275,"{0: 8, 1: 0, 2: 0, 3: 0, 4: 0}",1
695,False,"{'a': 0.5, 'e': 0.0009256786459280278}",25,13,24.147196986711755,"{0: 12, 1: 0, 2: 0, 3: 0, 4: 0}",1
696,False,"{'a': 0.5, 'e': 0.0009164218594687476}",30,0,48.88845116891013,"{0: 30, 1: 0, 2: 0, 3: 0, 4: 0}",1
697,False,"{'a': 0.5, 'e': 0.0009072576408740601}",20,16,10.079663198992783,"{0: 4, 1: 0, 2: 0, 3: 0, 4: 0}",1
698,False,"{'a': 0.5, 'e': 0.0008981850644653195}",25,15,16.802647150220693,"{0: 10, 1: 0, 2: 0, 3: 0, 4: 0}",1
699,False,"{'a': 0.5, 'e': 0.0008892032138206663}",25,18,12.627018102141687,"{0: 7, 1: 0, 2: 0, 3: 0, 4: 0}",1
700,False,"{'a': 0.5, 'e': 0.0008803111816824596}",20,12,16.6685598149579,"{0: 8, 1: 0, 2: 0, 3: 0, 4: 0}",1
701,False,"{'a': 0.5, 'e': 0.000871508069865635}",25,14,20.208350206162297,"{0: 11, 1: 0, 2: 0, 3: 0, 4: 0}",1
702,False,"{'a': 0.5, 'e': 0.0008627929891669786}",20,0,32.62000557088546,"{0: 20, 1: 0, 2: 0, 3: 0, 4: 0}",1
703,False,"{'a': 0.5, 'e': 0.0008541650592753089}",20,9,16.77358974944206,"{0: 11, 1: 0, 2: 0, 3: 0, 4: 0}",1
704,False,"{'a': 0.5, 'e': 0.0008456234086825558}",25,14,24.23330380142639,"{0: 11, 1: 0, 2: 0, 3: 0, 4: 0}",1
705,False,"{'a': 0.5, 'e': 0.0008371671745957302}",25,13,22.618348200039428,"{0: 12, 1: 0, 2: 0, 3: 0, 4: 0}",1
706,False,"{'a': 0.5, 'e': 0.0008287955028497729}",30,9,34.45053143043968,"{0: 21, 1: 0, 2: 0, 3: 0, 4: 0}",1
707,False,"{'a': 0.5, 'e': 0.0008205075478212752}",25,4,37.11752251705578,"{0: 21, 1: 0, 2: 0, 3: 0, 4: 0}",1
708,False,"{'a': 0.5, 'e': 0.0008123024723430624}",20,6,23.585433112844626,"{0: 14, 1: 0, 2: 0, 3: 0, 4: 0}",1
709,False,"{'a': 0.5, 'e': 0.0008041794476196318}",20,10,20.492584120560604,"{0: 10, 1: 0, 2: 0, 3: 0, 4: 0}",1
710,False,"{'a': 0.5, 'e': 0.0007961376531434354}",20,15,9.223021626029965,"{0: 5, 1: 0, 2: 0, 3: 0, 4: 0}",1
711,False,"{'a': 0.5, 'e': 0.0007881762766120011}",25,16,14.972671983154392,"{0: 9, 1: 0, 2: 0, 3: 0, 4: 0}",1
712,False,"{'a': 0.5, 'e': 0.000780294513845881}",25,12,26.261515109290748,"{0: 13, 1: 0, 2: 0, 3: 0, 4: 0}",1
713,False,"{'a': 0.5, 'e': 0.0007724915687074222}",35,12,45.397248940233055,"{0: 23, 1: 0, 2: 0, 3: 0, 4: 0}",1
714,False,"{'a': 0.5, 'e': 0.000764766653020348}",20,8,22.144569389397372,"{0: 12, 1: 0, 2: 0, 3: 0, 4: 0}",1
715,False,"{'a': 0.5, 'e': 0.0007571189864901445}",20,4,24.705710334774924,"{0: 16, 1: 0, 2: 0, 3: 0, 4: 0}",1
716,False,"{'a': 0.5, 'e': 0.000749547796625243}",20,10,20.146780239979154,"{0: 10, 1: 0, 2: 0, 3: 0, 4: 0}",1
717,False,"{'a': 0.5, 'e': 0.0007420523186589907}",20,16,7.139290872974488,"{0: 4, 1: 0, 2: 0, 3: 0, 4: 0}",1
718,False,"{'a': 0.5, 'e': 0.0007346317954724008}",20,16,7.8578322123109645,"{0: 4, 1: 0, 2: 0, 3: 0, 4: 0}",1
719,False,"{'a': 0.5, 'e': 0.0007272854775176767}",20,15,11.04943249401957,"{0: 5, 1: 0, 2: 0, 3: 0, 4: 0}",1
720,False,"{'a': 0.5, 'e': 0.0007200126227424999}",25,16,15.540986863526367,"{0: 9, 1: 0, 2: 0, 3: 0, 4: 0}",1
721,False,"{'a': 0.5, 'e': 0.0007128124965150749}",25,13,26.44307107353345,"{0: 12, 1: 0, 2: 0, 3: 0, 4: 0}",1
722,False,"{'a': 0.5, 'e': 0.0007056843715499242}",20,0,29.779687217401822,"{0: 20, 1: 0, 2: 0, 3: 0, 4: 0}",1
723,False,"{'a': 0.5, 'e': 0.0006986275278344249}",25,16,18.542662477239624,"{0: 9, 1: 0, 2: 0, 3: 0, 4: 0}",1
724,False,"{'a': 0.5, 'e': 0.0006916412525560807}",20,12,15.528439185726576,"{0: 8, 1: 0, 2: 0, 3: 0, 4: 0}",1
725,False,"{'a': 0.5, 'e': 0.0006847248400305198}",25,13,21.53166402452848,"{0: 12, 1: 0, 2: 0, 3: 0, 4: 0}",1
726,False,"{'a': 0.5, 'e': 0.0006778775916302147}",20,5,27.282316815435973,"{0: 15, 1: 0, 2: 0, 3: 0, 4: 0}",1
727,False,"{'a': 0.5, 'e': 0.0006710988157139125}",30,8,39.4064188325493,"{0: 22, 1: 0, 2: 0, 3: 0, 4: 0}",1
728,False,"{'a': 0.5, 'e': 0.0006643878275567733}",20,10,18.41349119994031,"{0: 10, 1: 0, 2: 0, 3: 0, 4: 0}",1
729,False,"{'a': 0.5, 'e': 0.0006577439492812056}",20,12,15.94288093561251,"{0: 8, 1: 0, 2: 0, 3: 0, 4: 0}",1
730,False,"{'a': 0.5, 'e': 0.0006511665097883936}",20,13,11.277921725707357,"{0: 7, 1: 0, 2: 0, 3: 0, 4: 0}",1
731,False,"{'a': 0.5, 'e': 0.0006446548446905096}",25,15,18.555173697763756,"{0: 10, 1: 0, 2: 0, 3: 0, 4: 0}",1
732,False,"{'a': 0.5, 'e': 0.0006382082962436045}",20,10,20.091590044304258,"{0: 10, 1: 0, 2: 0, 3: 0, 4: 0}",1
733,False,"{'a': 0.5, 'e': 0.0006318262132811685}",20,9,21.606903209701517,"{0: 11, 1: 0, 2: 0, 3: 0, 4: 0}",1
734,False,"{'a': 0.5, 'e': 0.0006255079511483568}",20,9,19.376688953788495,"{0: 11, 1: 0, 2: 0, 3: 0, 4: 0}",1
735,False,"{'a': 0.5, 'e': 0.0006192528716368732}",20,12,18.123063372560303,"{0: 8, 1: 0, 2: 0, 3: 0, 4: 0}",1
736,False,"{'a': 0.5, 'e': 0.0006130603429205045}",20,10,19.328092060913775,"{0: 10, 1: 0, 2: 0, 3: 0, 4: 0}",1
737,False,"{'a': 0.5, 'e': 0.0006069297394912994}",30,16,26.769943757097487,"{0: 14, 1: 0, 2: 0, 3: 0, 4: 0}",1
738,False,"{'a': 0.5, 'e': 0.0006008604420963865}",25,14,20.536265956086453,"{0: 11, 1: 0, 2: 0, 3: 0, 4: 0}",1
739,False,"{'a': 0.5, 'e': 0.0005948518376754226}",25,20,12.104444231264035,"{0: 5, 1: 0, 2: 0, 3: 0, 4: 0}",1
740,False,"{'a': 0.5, 'e': 0.0005889033192986683}",30,4,44.565008306706154,"{0: 26, 1: 0, 2: 0, 3: 0, 4: 0}",1
741,False,"{'a': 0.5, 'e': 0.0005830142861056817}",25,0,42.66257945590007,"{0: 25, 1: 0, 2: 0, 3: 0, 4: 0}",0
742,False,"{'a': 0.5, 'e': 0.0005771841432446248}",35,21,24.1317380965077,"{0: 14, 1: 0, 2: 0, 3: 0, 4: 0}",1
743,False,"{'a': 0.5, 'e': 0.0005714123018121785}",20,11,16.259727143340903,"{0: 9, 1: 0, 2: 0, 3: 0, 4: 0}",1
744,False,"{'a': 0.5, 'e': 0.0005656981787940568}",20,8,23.67001696756229,"{0: 12, 1: 0, 2: 0, 3: 0, 4: 0}",1
745,False,"{'a': 0.5, 'e': 0.0005600411970061162}",25,13,26.346411689606608,"{0: 12, 1: 0, 2: 0, 3: 0, 4: 0}",1
746,False,"{'a': 0.5, 'e': 0.000554440785036055}",25,5,37.13235864285823,"{0: 20, 1: 0, 2: 0, 3: 0, 4: 0}",1
747,False,"{'a': 0.5, 'e': 0.0005488963771856945}",20,16,7.491711298321721,"{0: 4, 1: 0, 2: 0, 3: 0, 4: 0}",1
748,False,"{'a': 0.5, 'e': 0.0005434074134138375}",20,11,22.48681209911373,"{0: 9, 1: 0, 2: 0, 3: 0, 4: 0}",1
749,False,"{'a': 0.5, 'e': 0.0005379733392796991}",25,15,19.4632041312009,"{0: 10, 1: 0, 2: 0, 3: 0, 4: 0}",1
750,False,"{'a': 0.5, 'e': 0.0005325936058869021}",20,9,20.629457813476495,"{0: 11, 1: 0, 2: 0, 3: 0, 4: 0}",1
751,False,"{'a': 0.5, 'e': 0.0005272676698280331}",25,12,22.70039275223505,"{0: 13, 1: 0, 2: 0, 3: 0, 4: 0}",1
752,False,"{'a': 0.5, 'e': 0.0005219949931297528}",35,13,43.431177042956705,"{0: 22, 1: 0, 2: 0, 3: 0, 4: 0}",1
753,False,"{'a': 0.5, 'e': 0.0005167750431984553}",35,15,34.68052753472145,"{0: 20, 1: 0, 2: 0, 3: 0, 4: 0}",1
754,False,"{'a': 0.5, 'e': 0.0005116072927664706}",20,16,7.436606905364995,"{0: 4, 1: 0, 2: 0, 3: 0, 4: 0}",1
755,False,"{'a': 0.5, 'e': 0.000506491219838806}",20,16,9.312133869941983,"{0: 4, 1: 0, 2: 0, 3: 0, 4: 0}",1
756,False,"{'a': 0.5, 'e': 0.0005014263076404179}",20,0,33.20815135488688,"{0: 20, 1: 0, 2: 0, 3: 0, 4: 0}",1
757,False,"{'a': 0.5, 'e': 0.0004964120445640137}",25,11,30.438715857490436,"{0: 14, 1: 0, 2: 0, 3: 0, 4: 0}",1
1,True,"{'a': 0, 'e': 0}",25,17,17.500432833671884,"{0: 8, 1: 0, 2: 0, 3: 0, 4: 0}",1
2,True,"{'a': 0, 'e': 0}",20,16,10.046326561028732,"{0: 4, 1: 0, 2: 0, 3: 0, 4: 0}",1
3,True,"{'a': 0, 'e': 0}",25,11,23.01281275037534,"{0: 14, 1: 0, 2: 0, 3: 0, 4: 0}",1
4,True,"{'a': 0, 'e': 0}",30,23,12.584641735451923,"{0: 7, 1: 0, 2: 0, 3: 0, 4: 0}",1
5,True,"{'a': 0, 'e': 0}",25,20,12.256392032582383,"{0: 5, 1: 0, 2: 0, 3: 0, 4: 0}",1
6,True,"{'a': 0, 'e': 0}",30,18,20.092653073610446,"{0: 12, 1: 0, 2: 0, 3: 0, 4: 0}",1
7,True,"{'a': 0, 'e': 0}",20,0,26.98729503020517,"{0: 20, 1: 0, 2: 0, 3: 0, 4: 0}",1
8,True,"{'a': 0, 'e': 0}",35,23,21.830348698994584,"{0: 12, 1: 0, 2: 0, 3: 0, 4: 0}",1
9,True,"{'a': 0, 'e': 0}",25,15,18.808429182973754,"{0: 10, 1: 0, 2: 0, 3: 0, 4: 0}",1
10,True,"{'a': 0, 'e': 0}",25,10,24.875183963028373,"{0: 15, 1: 0, 2: 0, 3: 0, 4: 0}",1
